/*
 Navicat Premium Data Transfer

 Source Server         : ckb
 Source Server Type    : MySQL
 Source Server Version : 100138
 Source Host           : localhost:3306
 Source Schema         : upms_db

 Target Server Type    : MySQL
 Target Server Version : 100138
 File Encoding         : 65001

 Date: 03/12/2019 15:53:09
*/

SET NAMES utf8mb4;
SET FOREIGN_KEY_CHECKS = 0;

-- ----------------------------
-- Table structure for sys_authorities
-- ----------------------------
DROP TABLE IF EXISTS `sys_authorities`;
CREATE TABLE `sys_authorities`  (
  `authority_id` int(11) NOT NULL AUTO_INCREMENT,
  `create_time` timestamp(0) NOT NULL DEFAULT CURRENT_TIMESTAMP,
  `last_modify_time` timestamp(0) NOT NULL DEFAULT CURRENT_TIMESTAMP ON UPDATE CURRENT_TIMESTAMP(0),
  `last_modify_user` varchar(64) CHARACTER SET utf8mb4 COLLATE utf8mb4_general_ci NULL DEFAULT '',
  `authority` varchar(120) CHARACTER SET utf8mb4 COLLATE utf8mb4_general_ci NULL DEFAULT NULL,
  `authority_name` varchar(32) CHARACTER SET utf8mb4 COLLATE utf8mb4_general_ci NULL DEFAULT NULL,
  `order_number` int(11) NULL DEFAULT NULL,
  `parent_id` int(11) NULL DEFAULT NULL,
  `access_url` varchar(120) CHARACTER SET utf8mb4 COLLATE utf8mb4_general_ci NULL DEFAULT NULL,
  `auth_icon` varchar(40) CHARACTER SET utf8mb4 COLLATE utf8mb4_general_ci NULL DEFAULT NULL,
  `source_code` varchar(32) CHARACTER SET utf8mb4 COLLATE utf8mb4_general_ci NULL DEFAULT NULL,
  `auth_type` varchar(20) CHARACTER SET utf8mb4 COLLATE utf8mb4_general_ci NULL DEFAULT NULL,
  PRIMARY KEY (`authority_id`) USING BTREE
) ENGINE = InnoDB AUTO_INCREMENT = 67 CHARACTER SET = utf8mb4 COLLATE = utf8mb4_general_ci ROW_FORMAT = Compact;

-- ----------------------------
-- Records of sys_authorities
-- ----------------------------
INSERT INTO `sys_authorities` VALUES (2, '2019-08-20 15:19:02', '2019-12-03 15:21:03', 'system', '', 'User Management', 2, -1, 'system/user', 'layui-icon-user', 'upms', 'menu');
INSERT INTO `sys_authorities` VALUES (3, '2019-08-20 15:19:02', '2019-12-03 15:21:00', 'system', 'user:view', 'User Query', 3, 2, NULL, NULL, 'upms', 'element');
INSERT INTO `sys_authorities` VALUES (4, '2019-08-20 15:19:02', '2019-12-03 15:20:58', 'system', 'user:add', 'User Add', 4, 2, NULL, NULL, 'upms', 'element');
INSERT INTO `sys_authorities` VALUES (5, '2019-08-20 15:19:02', '2019-12-03 15:20:57', 'system', 'user:edit', 'User Edit', 5, 2, NULL, NULL, 'upms', 'element');
INSERT INTO `sys_authorities` VALUES (6, '2019-08-20 15:19:02', '2019-12-03 15:20:56', 'system', 'user:delete', 'User Delete', 6, 2, NULL, NULL, 'upms', 'element');
INSERT INTO `sys_authorities` VALUES (8, '2019-08-20 15:19:02', '2019-12-03 15:20:54', 'system', 'role:view', 'Role Query', 7, 32, NULL, NULL, 'upms', 'element');
INSERT INTO `sys_authorities` VALUES (9, '2019-08-20 15:19:02', '2019-12-03 15:20:52', 'system', 'role:add', 'Role Add', 9, 32, NULL, NULL, 'upms', 'element');
INSERT INTO `sys_authorities` VALUES (10, '2019-08-20 15:19:02', '2019-12-03 15:20:50', 'system', 'role:edit', 'Role Edit', 10, 32, NULL, NULL, 'upms', 'element');
INSERT INTO `sys_authorities` VALUES (11, '2019-08-20 15:19:02', '2019-12-03 15:20:49', 'system', 'role:delete', 'Role Delete', 11, 32, NULL, NULL, 'upms', 'element');
INSERT INTO `sys_authorities` VALUES (12, '2019-08-20 15:19:02', '2019-12-03 15:20:48', 'system', 'role:auth', 'Role Authority', 12, 32, '', '', 'upms', 'element');
INSERT INTO `sys_authorities` VALUES (14, '2019-08-20 15:19:02', '2019-12-03 15:20:46', 'system', 'auth:view', 'Authority Query', 14, 31, NULL, NULL, 'upms', 'element');
INSERT INTO `sys_authorities` VALUES (15, '2019-08-20 15:19:02', '2019-12-03 15:20:45', 'system', 'auth:add', 'Authority Add', 15, 31, NULL, NULL, 'upms', 'element');
INSERT INTO `sys_authorities` VALUES (16, '2019-08-20 15:19:02', '2019-12-03 15:20:44', 'system', 'auth:edit', 'Authority Edit', 16, 31, NULL, NULL, 'upms', 'element');
INSERT INTO `sys_authorities` VALUES (17, '2019-08-20 15:19:02', '2019-12-03 15:20:42', 'system', 'auth:delete', 'Authority Delete', 17, 31, NULL, NULL, 'upms', 'element');
INSERT INTO `sys_authorities` VALUES (23, '2019-11-27 13:50:45', '2019-12-02 15:24:41', 'superadmin', NULL, 'ReleaseId', -1, -1, NULL, NULL, 'common', 'data');
INSERT INTO `sys_authorities` VALUES (24, '2019-11-14 11:12:55', '2019-12-02 15:24:43', 'superadmin', 'btv_box', 'btv_box', -1, 23, NULL, NULL, 'common', 'release');
INSERT INTO `sys_authorities` VALUES (25, '2019-11-14 11:15:15', '2019-12-02 15:24:44', 'superadmin', 'redplay_box', 'redplay_box', -1, 23, NULL, '', 'common', 'release');
INSERT INTO `sys_authorities` VALUES (26, '2019-11-27 14:18:48', '2019-12-02 15:24:45', 'superadmin', NULL, 'PkgName', -1, -1, NULL, NULL, 'common', 'data');
INSERT INTO `sys_authorities` VALUES (27, '2019-11-27 14:19:19', '2019-11-29 09:21:49', 'superadmin', 'com.csz.universal.tvlauncher', 'com.csz.universal.tvlauncher', -1, 26, '', '', 'common', 'app');
INSERT INTO `sys_authorities` VALUES (28, '2019-11-27 14:21:23', '2019-11-27 18:21:12', 'superadmin', 'com.bb.launcher2', 'com.bb.launcher2', -1, 26, '', '', 'common', 'app');
INSERT INTO `sys_authorities` VALUES (30, '2019-11-29 13:53:14', '2019-12-03 15:20:33', 'system', '', 'UPMS', 1, -1, '', 'layui-icon-component', 'upms', 'menu');
INSERT INTO `sys_authorities` VALUES (31, '2019-11-29 13:54:32', '2019-12-03 15:20:29', 'system', NULL, 'Auth Management', -1, 30, 'system/upms/authorities', 'layui-icon-auz', 'upms', 'menu');
INSERT INTO `sys_authorities` VALUES (32, '2019-11-29 14:29:45', '2019-12-03 15:20:18', 'system', '', 'Role Management', -1, 30, 'system/upms/role', 'layui-icon-flag', 'upms', 'menu');
INSERT INTO `sys_authorities` VALUES (33, '2019-12-02 11:14:42', '2019-12-03 15:20:16', 'system', '', 'Source Management', 3, -1, 'system/source', 'layui-icon-app', 'upms', 'menu');
INSERT INTO `sys_authorities` VALUES (34, '2019-12-02 14:21:24', '2019-12-03 15:20:14', 'system', 'source:view', 'Source Query', -1, 33, '', '', 'upms', 'element');
INSERT INTO `sys_authorities` VALUES (35, '2019-12-02 14:22:08', '2019-12-03 15:20:10', 'system', 'source:add', 'Source Add', -1, 33, '', '', 'upms', 'element');
INSERT INTO `sys_authorities` VALUES (36, '2019-12-02 14:22:40', '2019-12-03 15:20:06', 'system', 'source:status', 'Source Status', -1, 33, '', '', 'upms', 'element');
INSERT INTO `sys_authorities` VALUES (43, '2019-12-02 17:57:01', '2019-12-02 17:57:01', 'system', NULL, 'Common', -1, -1, NULL, 'layui-icon-component', 'upms', 'menu');
INSERT INTO `sys_authorities` VALUES (44, '2019-12-02 17:57:01', '2019-12-03 11:11:28', 'system', NULL, 'Auth Management', -1, 43, 'system/common/authorities', 'layui-icon-auz', 'upms', 'menu');
INSERT INTO `sys_authorities` VALUES (45, '2019-12-02 17:57:01', '2019-12-02 17:57:01', 'system', 'auth:view', 'Authority Query', -1, 44, NULL, NULL, 'upms', 'element');
INSERT INTO `sys_authorities` VALUES (46, '2019-12-02 17:57:01', '2019-12-02 17:57:01', 'system', 'auth:add', 'Authority Add', -1, 44, NULL, NULL, 'upms', 'element');
INSERT INTO `sys_authorities` VALUES (47, '2019-12-02 17:57:01', '2019-12-02 17:57:01', 'system', 'auth:edit', 'Authority Edit', -1, 44, NULL, NULL, 'upms', 'element');
INSERT INTO `sys_authorities` VALUES (48, '2019-12-02 17:57:01', '2019-12-02 17:57:01', 'system', 'auth:delete', 'Authority Delete', -1, 44, NULL, NULL, 'upms', 'element');
INSERT INTO `sys_authorities` VALUES (49, '2019-12-02 17:57:01', '2019-12-02 17:57:01', 'system', NULL, 'Role Management', -1, 43, 'system/common/role', 'layui-icon-flag', 'upms', 'menu');
INSERT INTO `sys_authorities` VALUES (50, '2019-12-02 17:57:01', '2019-12-02 17:57:01', 'system', 'role:view', 'Role Query', -1, 49, NULL, NULL, 'upms', 'element');
INSERT INTO `sys_authorities` VALUES (51, '2019-12-02 17:57:01', '2019-12-02 17:57:01', 'system', 'role:add', 'Role Add', -1, 49, NULL, NULL, 'upms', 'element');
INSERT INTO `sys_authorities` VALUES (52, '2019-12-02 17:57:01', '2019-12-02 17:57:01', 'system', 'role:edit', 'Role Edit', -1, 49, NULL, NULL, 'upms', 'element');
INSERT INTO `sys_authorities` VALUES (53, '2019-12-02 17:57:01', '2019-12-02 17:57:01', 'system', 'role:delete', 'Role Delete', -1, 49, NULL, NULL, 'upms', 'element');
INSERT INTO `sys_authorities` VALUES (54, '2019-12-02 17:57:01', '2019-12-02 17:57:01', 'system', 'role:auth', 'Role Authority', -1, 49, NULL, NULL, 'upms', 'element');
INSERT INTO `sys_authorities` VALUES (55, '2019-12-02 18:02:34', '2019-12-02 18:02:34', 'system', NULL, 'Advertiesment', -1, -1, NULL, 'layui-icon-component', 'upms', 'menu');
INSERT INTO `sys_authorities` VALUES (56, '2019-12-02 18:02:34', '2019-12-03 11:12:44', 'system', NULL, 'Auth Management', -1, 55, 'system/adserver/authorities', 'layui-icon-auz', 'upms', 'menu');
INSERT INTO `sys_authorities` VALUES (57, '2019-12-02 18:02:34', '2019-12-02 18:02:34', 'system', 'auth:view', 'Authority Query', -1, 56, NULL, NULL, 'upms', 'element');
INSERT INTO `sys_authorities` VALUES (58, '2019-12-02 18:02:34', '2019-12-02 18:02:34', 'system', 'auth:add', 'Authority Add', -1, 56, NULL, NULL, 'upms', 'element');
INSERT INTO `sys_authorities` VALUES (59, '2019-12-02 18:02:34', '2019-12-02 18:02:34', 'system', 'auth:edit', 'Authority Edit', -1, 56, NULL, NULL, 'upms', 'element');
INSERT INTO `sys_authorities` VALUES (60, '2019-12-02 18:02:34', '2019-12-02 18:02:34', 'system', 'auth:delete', 'Authority Delete', -1, 56, NULL, NULL, 'upms', 'element');
INSERT INTO `sys_authorities` VALUES (61, '2019-12-02 18:02:34', '2019-12-02 18:02:34', 'system', NULL, 'Role Management', -1, 55, 'system/adserver/role', 'layui-icon-flag', 'upms', 'menu');
INSERT INTO `sys_authorities` VALUES (62, '2019-12-02 18:02:34', '2019-12-02 18:02:34', 'system', 'role:view', 'Role Query', -1, 61, NULL, NULL, 'upms', 'element');
INSERT INTO `sys_authorities` VALUES (63, '2019-12-02 18:02:34', '2019-12-02 18:02:34', 'system', 'role:add', 'Role Add', -1, 61, NULL, NULL, 'upms', 'element');
INSERT INTO `sys_authorities` VALUES (64, '2019-12-02 18:02:34', '2019-12-02 18:02:34', 'system', 'role:edit', 'Role Edit', -1, 61, NULL, NULL, 'upms', 'element');
INSERT INTO `sys_authorities` VALUES (65, '2019-12-02 18:02:34', '2019-12-02 18:02:34', 'system', 'role:delete', 'Role Delete', -1, 61, NULL, NULL, 'upms', 'element');
INSERT INTO `sys_authorities` VALUES (66, '2019-12-02 18:02:34', '2019-12-02 18:02:34', 'system', 'role:auth', 'Role Authority', -1, 61, NULL, NULL, 'upms', 'element');

-- ----------------------------
-- Table structure for sys_log
-- ----------------------------
DROP TABLE IF EXISTS `sys_log`;
CREATE TABLE `sys_log`  (
  `id` bigint(20) NOT NULL AUTO_INCREMENT,
  `create_time` timestamp(0) NOT NULL DEFAULT CURRENT_TIMESTAMP,
  `last_modify_time` timestamp(0) NOT NULL DEFAULT CURRENT_TIMESTAMP ON UPDATE CURRENT_TIMESTAMP(0),
  `last_modify_user` varchar(64) CHARACTER SET utf8mb4 COLLATE utf8mb4_general_ci NULL DEFAULT '',
  `client_ip` varchar(32) CHARACTER SET utf8mb4 COLLATE utf8mb4_general_ci NULL DEFAULT NULL,
  `opera_user` varchar(32) CHARACTER SET utf8mb4 COLLATE utf8mb4_general_ci NULL DEFAULT NULL,
  `opera_time` bigint(20) NULL DEFAULT NULL,
  `req_detail` varchar(1024) CHARACTER SET utf8mb4 COLLATE utf8mb4_general_ci NULL DEFAULT NULL,
  `req_url` varchar(255) CHARACTER SET utf8mb4 COLLATE utf8mb4_general_ci NULL DEFAULT NULL,
  `resp_detail` varchar(1024) CHARACTER SET utf8mb4 COLLATE utf8mb4_general_ci NULL DEFAULT NULL,
  PRIMARY KEY (`id`) USING BTREE
) ENGINE = InnoDB AUTO_INCREMENT = 171 CHARACTER SET = utf8mb4 COLLATE = utf8mb4_general_ci ROW_FORMAT = Compact;

-- ----------------------------
-- Records of sys_log
-- ----------------------------
INSERT INTO `sys_log` VALUES (1, '2019-10-15 11:19:26', '2019-10-15 11:19:26', 'system', '0:0:0:0:0:0:0:1', 'superadmin', 177, '[{\"code\":\"11\",\"name\":\"video\",\"value\":\"VIDEO\",\"typeCode\":\"BANNERTYPE\",\"appId\":null,\"appVer\":null,\"clientIp\":\"0:0:0:0:0:0:0:1\",\"checkSum\":null,\"appVerCode\":0,\"requestTime\":1571109565802,\"reqUserName\":\"superadmin\",\"pageIndex\":1,\"pageSize\":2147483647,\"sortProp\":null,\"ascending\":true}]', '/api/adServer/dic/update/v1', 'AdResponse{result=true, status=\'0\', msg=\'null\'}');
INSERT INTO `sys_log` VALUES (2, '2019-10-15 11:40:37', '2019-10-15 11:40:37', 'system', '0:0:0:0:0:0:0:1', 'superadmin', 100, '[{\"advertId\":266,\"bannerSeq\":null,\"status\":false,\"appId\":null,\"appVer\":null,\"clientIp\":\"0:0:0:0:0:0:0:1\",\"checkSum\":null,\"appVerCode\":0,\"requestTime\":1571110837186,\"reqUserName\":\"superadmin\",\"pageIndex\":1,\"pageSize\":2147483647,\"sortProp\":null,\"ascending\":true}]', '/api/adServer/placement/updateDetail/v1', 'AdResponse{result=true, status=\'0\', msg=\'null\'}');
INSERT INTO `sys_log` VALUES (3, '2019-10-15 11:40:38', '2019-10-15 11:40:38', 'system', '0:0:0:0:0:0:0:1', 'superadmin', 47, '[{\"advertId\":266,\"bannerSeq\":null,\"status\":true,\"appId\":null,\"appVer\":null,\"clientIp\":\"0:0:0:0:0:0:0:1\",\"checkSum\":null,\"appVerCode\":0,\"requestTime\":1571110838023,\"reqUserName\":\"superadmin\",\"pageIndex\":1,\"pageSize\":2147483647,\"sortProp\":null,\"ascending\":true}]', '/api/adServer/placement/updateDetail/v1', 'AdResponse{result=true, status=\'0\', msg=\'null\'}');
INSERT INTO `sys_log` VALUES (4, '2019-10-15 11:40:46', '2019-10-15 11:40:46', 'system', '0:0:0:0:0:0:0:1', 'superadmin', 110, '[{\"campaignId\":\"btvlauncher\",\"placementId\":\"2\",\"userGroup\":\"\",\"region\":\"\",\"oldCampaignId\":\"btvlauncher\",\"oldPlacementId\":\"2\",\"oldUserGroup\":\"\",\"oldRegion\":\"\",\"bannerIds\":[23, 22],\"appId\":null,\"appVer\":null,\"clientIp\":\"0:0:0:0:0:0:0:1\",\"checkSum\":null,\"appVerCode\":0,\"requestTime\":1571110845969,\"reqUserName\":\"superadmin\",\"pageIndex\":1,\"pageSize\":2147483647,\"sortProp\":null,\"ascending\":true}]', '/api/adServer/placement/updateBanners/v1', 'AdResponse{result=true, status=\'0\', msg=\'null\'}');
INSERT INTO `sys_log` VALUES (5, '2019-10-28 17:56:58', '2019-10-28 17:57:00', 'system', '0:0:0:0:0:0:0:1', 'superadmin', 213, '[{\"userId\":null,\"userName\":\"5735\",\"password\":\"$2a$04$3t/6mMqoHnvSvU/ExmKYD.LMaJlpB4NukACB6o81kAr8Xn.nplamO\",\"nickName\":\"54354\",\"avatar\":null,\"sex\":\"male\",\"phone\":\"3544\",\"email\":null,\"emailVerified\":false,\"state\":null,\"appId\":null,\"appVer\":null,\"clientIp\":\"0:0:0:0:0:0:0:1\",\"checkSum\":null,\"appVerCode\":0,\"requestTime\":1572256618248,\"reqUserName\":\"superadmin\",\"pageIndex\":1,\"pageSize\":2147483647,\"sortProp\":null,\"ascending\":true}]', '/api/adServer/user/update/v1', 'AdResponse{result=true, status=\'0\', msg=\'null\'}');
INSERT INTO `sys_log` VALUES (6, '2019-10-30 15:31:24', '2019-10-30 15:31:25', 'system', '0:0:0:0:0:0:0:1', 'superadmin', 86, '[{\"userId\":41,\"roleId\":null,\"roleIds\":[13],\"appId\":null,\"appVer\":null,\"clientIp\":\"0:0:0:0:0:0:0:1\",\"checkSum\":null,\"appVerCode\":0,\"requestTime\":1572420684354,\"reqUserName\":\"superadmin\",\"pageIndex\":1,\"pageSize\":2147483647,\"sortProp\":null,\"ascending\":true}]', '/api/adserver/userRole/updateRoles/v1', 'AdResponse{result=true, status=\'0\', msg=\'null\'}');
INSERT INTO `sys_log` VALUES (7, '2019-10-30 15:31:50', '2019-10-30 15:31:51', 'system', '0:0:0:0:0:0:0:1', 'superadmin', 52, '[{\"roleId\":null,\"roleName\":\"test\",\"comments\":\"\",\"appId\":null,\"appVer\":null,\"clientIp\":\"0:0:0:0:0:0:0:1\",\"checkSum\":null,\"appVerCode\":0,\"requestTime\":1572420710181,\"reqUserName\":\"superadmin\",\"pageIndex\":1,\"pageSize\":2147483647,\"sortProp\":null,\"ascending\":true}]', '/api/adserver/role/update/v1', 'AdResponse{result=true, status=\'0\', msg=\'null\'}');
INSERT INTO `sys_log` VALUES (8, '2019-10-30 15:31:55', '2019-10-30 15:31:56', 'system', '0:0:0:0:0:0:0:1', 'superadmin', 111, '[{\"userId\":null,\"roleId\":20,\"sysAuthIds\":[1, 2, 3, 4, 5, 6, 7, 8, 9, 10, 11, 12, 13, 14, 15, 16, 17, 23],\"adPkgNames\":null,\"adReleaseIds\":null,\"appId\":null,\"appVer\":null,\"clientIp\":\"0:0:0:0:0:0:0:1\",\"checkSum\":null,\"appVerCode\":0,\"requestTime\":1572420715849,\"reqUserName\":\"superadmin\",\"pageIndex\":1,\"pageSize\":2147483647,\"sortProp\":null,\"ascending\":true}]', '/api/adserver/auth/update/v1', 'AdResponse{result=true, status=\'0\', msg=\'null\'}');
INSERT INTO `sys_log` VALUES (9, '2019-10-30 15:32:10', '2019-10-30 15:32:11', 'system', '0:0:0:0:0:0:0:1', 'superadmin', 89, '[{\"userId\":41,\"roleId\":null,\"roleIds\":[20],\"appId\":null,\"appVer\":null,\"clientIp\":\"0:0:0:0:0:0:0:1\",\"checkSum\":null,\"appVerCode\":0,\"requestTime\":1572420730350,\"reqUserName\":\"superadmin\",\"pageIndex\":1,\"pageSize\":2147483647,\"sortProp\":null,\"ascending\":true}]', '/api/adserver/userRole/updateRoles/v1', 'AdResponse{result=true, status=\'0\', msg=\'null\'}');
INSERT INTO `sys_log` VALUES (10, '2019-10-30 15:32:47', '2019-10-30 15:32:48', 'system', '0:0:0:0:0:0:0:1', '5735', 122, '[{\"userId\":null,\"roleId\":20,\"sysAuthIds\":[1, 2, 3, 4, 5, 6, 7, 8, 9, 10, 11, 12, 13, 14, 15, 16, 17, 23, 22, 18, 19, 20, 21],\"adPkgNames\":null,\"adReleaseIds\":null,\"appId\":null,\"appVer\":null,\"clientIp\":\"0:0:0:0:0:0:0:1\",\"checkSum\":null,\"appVerCode\":0,\"requestTime\":1572420767106,\"reqUserName\":\"5735\",\"pageIndex\":1,\"pageSize\":2147483647,\"sortProp\":null,\"ascending\":true}]', '/api/adserver/auth/update/v1', 'AdResponse{result=true, status=\'0\', msg=\'null\'}');
INSERT INTO `sys_log` VALUES (11, '2019-10-30 16:14:15', '2019-10-30 16:14:16', 'system', '0:0:0:0:0:0:0:1', 'superadmin', 115, '[{\"campaignId\":\"rpplauncher\",\"placementId\":\"1\",\"userGroup\":\"\",\"region\":\"\",\"oldCampaignId\":null,\"oldPlacementId\":null,\"oldUserGroup\":null,\"oldRegion\":null,\"bannerIds\":[22, 1, 23, 3],\"appId\":null,\"appVer\":null,\"clientIp\":\"0:0:0:0:0:0:0:1\",\"checkSum\":null,\"appVerCode\":0,\"requestTime\":1572423255359,\"reqUserName\":\"superadmin\",\"pageIndex\":1,\"pageSize\":2147483647,\"sortProp\":null,\"ascending\":true}]', '/api/adserver/placement/updateBanners/v1', 'AdResponse{result=true, status=\'0\', msg=\'null\'}');
INSERT INTO `sys_log` VALUES (12, '2019-10-30 16:14:52', '2019-10-30 16:14:53', 'system', '0:0:0:0:0:0:0:1', 'superadmin', 63, '[{\"userId\":null,\"roleId\":20,\"sysAuthIds\":null,\"adPkgNames\":[com.bb.launcher2, com.uv.droid.launcher.mytv],\"adReleaseIds\":[redplaylite_box, redplaypro_box],\"appId\":null,\"appVer\":null,\"clientIp\":\"0:0:0:0:0:0:0:1\",\"checkSum\":null,\"appVerCode\":0,\"requestTime\":1572423291990,\"reqUserName\":\"superadmin\",\"pageIndex\":1,\"pageSize\":2147483647,\"sortProp\":null,\"ascending\":true}]', '/api/adserver/auth/update/v1', 'AdResponse{result=true, status=\'0\', msg=\'null\'}');
INSERT INTO `sys_log` VALUES (13, '2019-10-30 16:15:14', '2019-10-30 16:15:15', 'system', '0:0:0:0:0:0:0:1', '5735', 71, '[{\"advertId\":273,\"bannerSeq\":null,\"status\":false,\"appId\":null,\"appVer\":null,\"clientIp\":\"0:0:0:0:0:0:0:1\",\"checkSum\":null,\"appVerCode\":0,\"requestTime\":1572423314445,\"reqUserName\":\"5735\",\"pageIndex\":1,\"pageSize\":2147483647,\"sortProp\":null,\"ascending\":true}]', '/api/adserver/placement/updateDetail/v1', 'AdResponse{result=true, status=\'0\', msg=\'null\'}');
INSERT INTO `sys_log` VALUES (14, '2019-10-30 16:15:15', '2019-10-30 16:15:16', 'system', '0:0:0:0:0:0:0:1', '5735', 54, '[{\"advertId\":273,\"bannerSeq\":null,\"status\":true,\"appId\":null,\"appVer\":null,\"clientIp\":\"0:0:0:0:0:0:0:1\",\"checkSum\":null,\"appVerCode\":0,\"requestTime\":1572423315353,\"reqUserName\":\"5735\",\"pageIndex\":1,\"pageSize\":2147483647,\"sortProp\":null,\"ascending\":true}]', '/api/adserver/placement/updateDetail/v1', 'AdResponse{result=true, status=\'0\', msg=\'null\'}');
INSERT INTO `sys_log` VALUES (15, '2019-11-12 17:50:03', '2019-11-12 17:50:03', 'system', '127.0.0.1', NULL, 21, '[{\"userId\":41,\"roleIds\":null,\"appId\":null,\"appVer\":null,\"clientIp\":\"127.0.0.1\",\"checkSum\":null,\"appVerCode\":0,\"requestTime\":1573552203904,\"reqUserName\":null,\"pageIndex\":1,\"pageSize\":2147483647,\"sortProp\":null,\"ascending\":true}]', '/api/upms/role/getRoles/v1', 'UpmsResponse{result=PageResultResponse{code=0, msg=\'\', count=1, data=[com.valor.server.model.web.response.SysRoleResponse@6d6231dd]}, status=\'0\', msg=\'null\'}');
INSERT INTO `sys_log` VALUES (16, '2019-11-12 17:52:12', '2019-11-12 17:52:12', 'system', '127.0.0.1', NULL, 9, '[{\"userId\":1,\"roleIds\":null,\"appId\":null,\"appVer\":null,\"clientIp\":\"127.0.0.1\",\"checkSum\":null,\"appVerCode\":0,\"requestTime\":1573552332754,\"reqUserName\":null,\"pageIndex\":1,\"pageSize\":2147483647,\"sortProp\":null,\"ascending\":true}]', '/api/upms/role/getRoles/v1', 'UpmsResponse{result=PageResultResponse{code=0, msg=\'\', count=1, data=[com.valor.server.model.web.response.SysRoleResponse@2b02a936]}, status=\'0\', msg=\'null\'}');
INSERT INTO `sys_log` VALUES (17, '2019-11-12 17:55:53', '2019-11-12 17:55:53', 'system', '127.0.0.1', 'superadmin', -1, '[{\"authorityId\":22,\"authorityName\":null,\"authority\":null,\"menuUrl\":null,\"parentId\":null,\"isMenu\":null,\"orderNumber\":null,\"menuIcon\":null,\"appId\":null,\"appVer\":null,\"clientIp\":\"127.0.0.1\",\"checkSum\":null,\"appVerCode\":0,\"requestTime\":1573552553751,\"reqUserName\":\"superadmin\",\"pageIndex\":1,\"pageSize\":2147483647,\"sortProp\":null,\"ascending\":true}]', '/api/upms/sysAuthority/delete/v1', 'Exception:please delete child nodes first');
INSERT INTO `sys_log` VALUES (18, '2019-11-12 17:55:58', '2019-11-12 17:55:58', 'system', '127.0.0.1', 'superadmin', 30, '[{\"authorityId\":18,\"authorityName\":null,\"authority\":null,\"menuUrl\":null,\"parentId\":null,\"isMenu\":null,\"orderNumber\":null,\"menuIcon\":null,\"appId\":null,\"appVer\":null,\"clientIp\":\"127.0.0.1\",\"checkSum\":null,\"appVerCode\":0,\"requestTime\":1573552558121,\"reqUserName\":\"superadmin\",\"pageIndex\":1,\"pageSize\":2147483647,\"sortProp\":null,\"ascending\":true}]', '/api/upms/sysAuthority/delete/v1', 'UpmsResponse{result=true, status=\'0\', msg=\'null\'}');
INSERT INTO `sys_log` VALUES (19, '2019-11-12 17:56:04', '2019-11-12 17:56:04', 'system', '127.0.0.1', 'superadmin', 16, '[{\"authorityId\":19,\"authorityName\":null,\"authority\":null,\"menuUrl\":null,\"parentId\":null,\"isMenu\":null,\"orderNumber\":null,\"menuIcon\":null,\"appId\":null,\"appVer\":null,\"clientIp\":\"127.0.0.1\",\"checkSum\":null,\"appVerCode\":0,\"requestTime\":1573552564874,\"reqUserName\":\"superadmin\",\"pageIndex\":1,\"pageSize\":2147483647,\"sortProp\":null,\"ascending\":true}]', '/api/upms/sysAuthority/delete/v1', 'UpmsResponse{result=true, status=\'0\', msg=\'null\'}');
INSERT INTO `sys_log` VALUES (20, '2019-11-12 17:56:09', '2019-11-12 17:56:09', 'system', '127.0.0.1', 'superadmin', 10, '[{\"authorityId\":20,\"authorityName\":null,\"authority\":null,\"menuUrl\":null,\"parentId\":null,\"isMenu\":null,\"orderNumber\":null,\"menuIcon\":null,\"appId\":null,\"appVer\":null,\"clientIp\":\"127.0.0.1\",\"checkSum\":null,\"appVerCode\":0,\"requestTime\":1573552569081,\"reqUserName\":\"superadmin\",\"pageIndex\":1,\"pageSize\":2147483647,\"sortProp\":null,\"ascending\":true}]', '/api/upms/sysAuthority/delete/v1', 'UpmsResponse{result=true, status=\'0\', msg=\'null\'}');
INSERT INTO `sys_log` VALUES (21, '2019-11-12 17:56:16', '2019-11-12 17:56:16', 'system', '127.0.0.1', 'superadmin', 10, '[{\"authorityId\":21,\"authorityName\":null,\"authority\":null,\"menuUrl\":null,\"parentId\":null,\"isMenu\":null,\"orderNumber\":null,\"menuIcon\":null,\"appId\":null,\"appVer\":null,\"clientIp\":\"127.0.0.1\",\"checkSum\":null,\"appVerCode\":0,\"requestTime\":1573552576243,\"reqUserName\":\"superadmin\",\"pageIndex\":1,\"pageSize\":2147483647,\"sortProp\":null,\"ascending\":true}]', '/api/upms/sysAuthority/delete/v1', 'UpmsResponse{result=true, status=\'0\', msg=\'null\'}');
INSERT INTO `sys_log` VALUES (22, '2019-11-12 17:56:22', '2019-11-12 17:56:22', 'system', '127.0.0.1', 'superadmin', 11, '[{\"authorityId\":22,\"authorityName\":null,\"authority\":null,\"menuUrl\":null,\"parentId\":null,\"isMenu\":null,\"orderNumber\":null,\"menuIcon\":null,\"appId\":null,\"appVer\":null,\"clientIp\":\"127.0.0.1\",\"checkSum\":null,\"appVerCode\":0,\"requestTime\":1573552582338,\"reqUserName\":\"superadmin\",\"pageIndex\":1,\"pageSize\":2147483647,\"sortProp\":null,\"ascending\":true}]', '/api/upms/sysAuthority/delete/v1', 'UpmsResponse{result=true, status=\'0\', msg=\'null\'}');
INSERT INTO `sys_log` VALUES (23, '2019-11-12 17:56:34', '2019-11-12 17:56:34', 'system', '127.0.0.1', 'superadmin', 19, '[{\"userId\":23,\"userName\":null,\"password\":null,\"nickName\":null,\"avatar\":null,\"sex\":null,\"phone\":null,\"email\":null,\"emailVerified\":false,\"state\":1,\"appId\":null,\"appVer\":null,\"clientIp\":\"127.0.0.1\",\"checkSum\":null,\"appVerCode\":0,\"requestTime\":1573552594608,\"reqUserName\":\"superadmin\",\"pageIndex\":1,\"pageSize\":2147483647,\"sortProp\":null,\"ascending\":true}]', '/api/upms/user/update/v1', 'UpmsResponse{result=true, status=\'0\', msg=\'null\'}');
INSERT INTO `sys_log` VALUES (24, '2019-11-12 17:56:35', '2019-11-12 17:56:35', 'system', '127.0.0.1', 'superadmin', 8, '[{\"userId\":23,\"userName\":null,\"password\":null,\"nickName\":null,\"avatar\":null,\"sex\":null,\"phone\":null,\"email\":null,\"emailVerified\":false,\"state\":0,\"appId\":null,\"appVer\":null,\"clientIp\":\"127.0.0.1\",\"checkSum\":null,\"appVerCode\":0,\"requestTime\":1573552595370,\"reqUserName\":\"superadmin\",\"pageIndex\":1,\"pageSize\":2147483647,\"sortProp\":null,\"ascending\":true}]', '/api/upms/user/update/v1', 'UpmsResponse{result=true, status=\'0\', msg=\'null\'}');
INSERT INTO `sys_log` VALUES (25, '2019-11-12 17:58:45', '2019-11-12 17:58:45', 'system', '127.0.0.1', 'superadmin', 55, '[{\"roleId\":20,\"roleName\":null,\"comments\":null,\"appId\":null,\"appVer\":null,\"clientIp\":\"127.0.0.1\",\"checkSum\":null,\"appVerCode\":0,\"requestTime\":1573552725131,\"reqUserName\":\"superadmin\",\"pageIndex\":1,\"pageSize\":2147483647,\"sortProp\":null,\"ascending\":true}]', '/api/upms/role/delete/v1', 'UpmsResponse{result=true, status=\'0\', msg=\'null\'}');
INSERT INTO `sys_log` VALUES (26, '2019-11-12 17:59:55', '2019-11-12 17:59:55', 'system', '127.0.0.1', 'superadmin', 13, '[{\"userId\":null,\"userName\":\"ckb\",\"password\":\"$2a$04$.zh8CCh15HKTjC.IMdZiqOuOX9YB1Cq6nZTA4BeTnUcUhHLSgEqXG\",\"nickName\":\"ckb\",\"avatar\":null,\"sex\":\"male\",\"phone\":\"13691941036\",\"email\":null,\"emailVerified\":false,\"state\":null,\"appId\":null,\"appVer\":null,\"clientIp\":\"127.0.0.1\",\"checkSum\":null,\"appVerCode\":0,\"requestTime\":1573552795523,\"reqUserName\":\"superadmin\",\"pageIndex\":1,\"pageSize\":2147483647,\"sortProp\":null,\"ascending\":true}]', '/api/upms/user/update/v1', 'UpmsResponse{result=true, status=\'0\', msg=\'null\'}');
INSERT INTO `sys_log` VALUES (27, '2019-11-12 18:00:05', '2019-11-12 18:00:05', 'system', '127.0.0.1', 'superadmin', 9, '[{\"userId\":42,\"userName\":null,\"password\":null,\"nickName\":null,\"avatar\":null,\"sex\":null,\"phone\":null,\"email\":null,\"emailVerified\":false,\"state\":1,\"appId\":null,\"appVer\":null,\"clientIp\":\"127.0.0.1\",\"checkSum\":null,\"appVerCode\":0,\"requestTime\":1573552805758,\"reqUserName\":\"superadmin\",\"pageIndex\":1,\"pageSize\":2147483647,\"sortProp\":null,\"ascending\":true}]', '/api/upms/user/update/v1', 'UpmsResponse{result=true, status=\'0\', msg=\'null\'}');
INSERT INTO `sys_log` VALUES (28, '2019-11-12 18:00:09', '2019-11-12 18:00:09', 'system', '127.0.0.1', 'superadmin', 13, '[{\"userId\":42,\"userName\":null,\"password\":null,\"nickName\":null,\"avatar\":null,\"sex\":null,\"phone\":null,\"email\":null,\"emailVerified\":false,\"state\":0,\"appId\":null,\"appVer\":null,\"clientIp\":\"127.0.0.1\",\"checkSum\":null,\"appVerCode\":0,\"requestTime\":1573552809339,\"reqUserName\":\"superadmin\",\"pageIndex\":1,\"pageSize\":2147483647,\"sortProp\":null,\"ascending\":true}]', '/api/upms/user/update/v1', 'UpmsResponse{result=true, status=\'0\', msg=\'null\'}');
INSERT INTO `sys_log` VALUES (29, '2019-11-12 18:00:17', '2019-11-12 18:00:17', 'system', '127.0.0.1', 'superadmin', 6, '[{\"userId\":42,\"userName\":null,\"password\":\"$2a$04$5xZemUvR.EpEyJg7ol1pveLIjdBTh3DM1q1Ufpot2M7bc6IuQxJT6\",\"nickName\":null,\"avatar\":null,\"sex\":null,\"phone\":null,\"email\":null,\"emailVerified\":false,\"state\":null,\"appId\":null,\"appVer\":null,\"clientIp\":\"127.0.0.1\",\"checkSum\":null,\"appVerCode\":0,\"requestTime\":1573552817893,\"reqUserName\":\"superadmin\",\"pageIndex\":1,\"pageSize\":2147483647,\"sortProp\":null,\"ascending\":true}]', '/api/upms/user/update/v1', 'UpmsResponse{result=true, status=\'0\', msg=\'null\'}');
INSERT INTO `sys_log` VALUES (30, '2019-11-12 18:18:06', '2019-11-12 18:18:06', 'system', '127.0.0.1', 'superadmin', 6, '[{\"roleId\":null,\"roleName\":\"test\",\"comments\":\"\",\"appId\":null,\"appVer\":null,\"clientIp\":\"127.0.0.1\",\"checkSum\":null,\"appVerCode\":0,\"requestTime\":1573553886647,\"reqUserName\":\"superadmin\",\"pageIndex\":1,\"pageSize\":2147483647,\"sortProp\":null,\"ascending\":true}]', '/api/upms/role/update/v1', 'UpmsResponse{result=true, status=\'0\', msg=\'null\'}');
INSERT INTO `sys_log` VALUES (31, '2019-11-12 18:18:39', '2019-11-12 18:18:39', 'system', '127.0.0.1', 'superadmin', 15, '[{\"roleId\":21,\"roleName\":null,\"comments\":null,\"appId\":null,\"appVer\":null,\"clientIp\":\"127.0.0.1\",\"checkSum\":null,\"appVerCode\":0,\"requestTime\":1573553919939,\"reqUserName\":\"superadmin\",\"pageIndex\":1,\"pageSize\":2147483647,\"sortProp\":null,\"ascending\":true}]', '/api/upms/role/delete/v1', 'UpmsResponse{result=true, status=\'0\', msg=\'null\'}');
INSERT INTO `sys_log` VALUES (32, '2019-11-13 19:11:09', '2019-11-13 19:11:09', 'system', '127.0.0.1', 'superadmin', 58, '[{\"roleId\":13,\"authIds\":[1, 2, 3, 4, 5, 6, 23],\"appId\":null,\"appVer\":null,\"clientIp\":\"127.0.0.1\",\"checkSum\":null,\"appVerCode\":0,\"requestTime\":1573643469138,\"reqUserName\":\"superadmin\",\"pageIndex\":1,\"pageSize\":2147483647,\"sortProp\":null,\"ascending\":true}]', '/api/upms/role/updateAuths/v1', 'UpmsResponse{result=true, status=\'0\', msg=\'null\'}');
INSERT INTO `sys_log` VALUES (33, '2019-11-15 14:35:02', '2019-11-15 14:35:02', 'system', '0:0:0:0:0:0:0:1', NULL, -1, '[{\"userId\":null,\"userName\":\"superadmin\",\"password\":null,\"nickName\":null,\"avatar\":null,\"sex\":null,\"phone\":null,\"email\":null,\"emailVerified\":false,\"state\":null,\"appId\":null,\"appVer\":null,\"clientIp\":\"0:0:0:0:0:0:0:1\",\"checkSum\":null,\"appVerCode\":0,\"requestTime\":1573799702500,\"reqUserName\":null,\"pageIndex\":1,\"pageSize\":2147483647,\"sortProp\":null,\"ascending\":true,\"requestType\":UNKNOWN,\"subTag\":0}]', '/api/upms/user/query/v1', 'Exception:Invalid Args');
INSERT INTO `sys_log` VALUES (34, '2019-11-15 14:55:27', '2019-11-15 14:55:27', 'system', '0:0:0:0:0:0:0:1', NULL, 166, '[{\"userId\":null,\"userName\":\"superadmin\",\"password\":null,\"nickName\":null,\"avatar\":null,\"sex\":null,\"phone\":null,\"email\":null,\"emailVerified\":false,\"state\":null,\"appId\":null,\"appVer\":null,\"clientIp\":\"0:0:0:0:0:0:0:1\",\"checkSum\":null,\"appVerCode\":0,\"requestTime\":1573800927169,\"reqUserName\":null,\"pageIndex\":1,\"pageSize\":2147483647,\"sortProp\":null,\"ascending\":true,\"requestType\":QUERY,\"subTag\":0}]', '/api/upms/user/query/v1', 'UpmsResponse{result=PageResultResponse{code=0, msg=\'all\', count=1, dataSize=1}, status=\'0\', msg=\'null\'}');
INSERT INTO `sys_log` VALUES (35, '2019-11-15 14:55:27', '2019-11-15 14:55:27', 'system', '0:0:0:0:0:0:0:1', NULL, 27, '[{\"userId\":1,\"roleIds\":null,\"appId\":null,\"appVer\":null,\"clientIp\":\"0:0:0:0:0:0:0:1\",\"checkSum\":null,\"appVerCode\":0,\"requestTime\":1573800927465,\"reqUserName\":null,\"pageIndex\":1,\"pageSize\":2147483647,\"sortProp\":null,\"ascending\":true,\"requestType\":QUERY,\"subTag\":0}]', '/api/upms/role/getRoles/v1', 'UpmsResponse{result=PageResultResponse{code=0, msg=\'all\', count=1, dataSize=1}, status=\'0\', msg=\'null\'}');
INSERT INTO `sys_log` VALUES (36, '2019-11-15 14:55:27', '2019-11-15 14:55:27', 'system', '0:0:0:0:0:0:0:1', NULL, 46, '[{\"roleId\":1,\"authIds\":null,\"appId\":null,\"appVer\":null,\"clientIp\":\"0:0:0:0:0:0:0:1\",\"checkSum\":null,\"appVerCode\":0,\"requestTime\":1573800927516,\"reqUserName\":null,\"pageIndex\":1,\"pageSize\":2147483647,\"sortProp\":null,\"ascending\":true,\"requestType\":QUERY,\"subTag\":0}]', '/api/upms/sysAuthority/getAuths/v1', 'UpmsResponse{result=PageResultResponse{code=0, msg=\'all\', count=18, dataSize=18}, status=\'0\', msg=\'null\'}');
INSERT INTO `sys_log` VALUES (37, '2019-11-15 14:55:29', '2019-11-15 14:55:29', 'system', '0:0:0:0:0:0:0:1', 'superadmin', 11, '[{\"authorityId\":null,\"authorityName\":null,\"authority\":null,\"accessUrl\":null,\"parentId\":null,\"authType\":\"menu\",\"orderNumber\":null,\"authIcon\":null,\"sourceCode\":null,\"appId\":null,\"appVer\":null,\"clientIp\":\"0:0:0:0:0:0:0:1\",\"checkSum\":null,\"appVerCode\":0,\"requestTime\":1573800929610,\"reqUserName\":\"superadmin\",\"pageIndex\":1,\"pageSize\":2147483647,\"sortProp\":null,\"ascending\":true,\"requestType\":QUERY,\"subTag\":0}]', '/api/upms/sysAuthority/query/v1', 'UpmsResponse{result=PageResultResponse{code=0, msg=\'all\', count=5, dataSize=5}, status=\'0\', msg=\'null\'}');
INSERT INTO `sys_log` VALUES (38, '2019-11-15 14:55:48', '2019-11-15 14:55:48', 'system', '0:0:0:0:0:0:0:1', 'superadmin', 22, '[{\"requestUrl\":null,\"operateUser\":null,\"begin\":null,\"end\":null,\"appId\":null,\"appVer\":null,\"clientIp\":\"0:0:0:0:0:0:0:1\",\"checkSum\":null,\"appVerCode\":0,\"requestTime\":1573800948504,\"reqUserName\":\"superadmin\",\"pageIndex\":1,\"pageSize\":10,\"sortProp\":\"createTime\",\"ascending\":false,\"requestType\":QUERY,\"subTag\":0}]', '/api/upms/log/query/v1', 'UpmsResponse{result=PageResultResponse{code=0, msg=\'pageIndex:1,pageSize:10\', count=19, dataSize=10}, status=\'0\', msg=\'null\'}');
INSERT INTO `sys_log` VALUES (39, '2019-11-15 14:55:59', '2019-11-15 14:55:59', 'system', '0:0:0:0:0:0:0:1', 'superadmin', 19, '[{\"requestUrl\":\"\",\"operateUser\":\"\",\"begin\":\"\",\"end\":\"\",\"appId\":null,\"appVer\":null,\"clientIp\":\"0:0:0:0:0:0:0:1\",\"checkSum\":null,\"appVerCode\":0,\"requestTime\":1573800959640,\"reqUserName\":\"superadmin\",\"pageIndex\":1,\"pageSize\":10,\"sortProp\":\"createTime\",\"ascending\":false,\"requestType\":QUERY,\"subTag\":0}]', '/api/upms/log/query/v1', 'UpmsResponse{result=PageResultResponse{code=0, msg=\'pageIndex:1,pageSize:10\', count=20, dataSize=10}, status=\'0\', msg=\'null\'}');
INSERT INTO `sys_log` VALUES (40, '2019-11-15 14:56:55', '2019-11-15 14:56:55', 'system', '0:0:0:0:0:0:0:1', 'superadmin', 15, '[{\"requestUrl\":\"\",\"operateUser\":\"\",\"begin\":\"\",\"end\":\"\",\"appId\":null,\"appVer\":null,\"clientIp\":\"0:0:0:0:0:0:0:1\",\"checkSum\":null,\"appVerCode\":0,\"requestTime\":1573801015697,\"reqUserName\":\"superadmin\",\"pageIndex\":2,\"pageSize\":10,\"sortProp\":\"createTime\",\"ascending\":false,\"requestType\":QUERY,\"subTag\":0}]', '/api/upms/log/query/v1', 'UpmsResponse{result=PageResultResponse{code=0, msg=\'pageIndex:2,pageSize:10\', count=21, dataSize=10}, status=\'0\', msg=\'null\'}');
INSERT INTO `sys_log` VALUES (41, '2019-11-15 14:56:56', '2019-11-15 14:56:56', 'system', '0:0:0:0:0:0:0:1', 'superadmin', 9, '[{\"requestUrl\":\"\",\"operateUser\":\"\",\"begin\":\"\",\"end\":\"\",\"appId\":null,\"appVer\":null,\"clientIp\":\"0:0:0:0:0:0:0:1\",\"checkSum\":null,\"appVerCode\":0,\"requestTime\":1573801016822,\"reqUserName\":\"superadmin\",\"pageIndex\":1,\"pageSize\":10,\"sortProp\":\"createTime\",\"ascending\":false,\"requestType\":QUERY,\"subTag\":0}]', '/api/upms/log/query/v1', 'UpmsResponse{result=PageResultResponse{code=0, msg=\'pageIndex:1,pageSize:10\', count=22, dataSize=10}, status=\'0\', msg=\'null\'}');
INSERT INTO `sys_log` VALUES (42, '2019-11-15 14:58:13', '2019-11-15 14:58:13', 'system', '0:0:0:0:0:0:0:1', 'superadmin', 9, '[{\"requestUrl\":\"\",\"operateUser\":\"\",\"begin\":\"\",\"end\":\"\",\"appId\":null,\"appVer\":null,\"clientIp\":\"0:0:0:0:0:0:0:1\",\"checkSum\":null,\"appVerCode\":0,\"requestTime\":1573801093231,\"reqUserName\":\"superadmin\",\"pageIndex\":2,\"pageSize\":10,\"sortProp\":\"createTime\",\"ascending\":false,\"requestType\":QUERY,\"subTag\":0}]', '/api/upms/log/query/v1', 'UpmsResponse{result=PageResultResponse{code=0, msg=\'pageIndex:2,pageSize:10\', count=23, dataSize=10}, status=\'0\', msg=\'null\'}');
INSERT INTO `sys_log` VALUES (43, '2019-11-15 14:58:17', '2019-11-15 14:58:17', 'system', '0:0:0:0:0:0:0:1', 'superadmin', 14, '[{\"requestUrl\":\"\",\"operateUser\":\"\",\"begin\":\"\",\"end\":\"\",\"appId\":null,\"appVer\":null,\"clientIp\":\"0:0:0:0:0:0:0:1\",\"checkSum\":null,\"appVerCode\":0,\"requestTime\":1573801097630,\"reqUserName\":\"superadmin\",\"pageIndex\":3,\"pageSize\":10,\"sortProp\":\"createTime\",\"ascending\":false,\"requestType\":QUERY,\"subTag\":0}]', '/api/upms/log/query/v1', 'UpmsResponse{result=PageResultResponse{code=0, msg=\'pageIndex:3,pageSize:10\', count=24, dataSize=4}, status=\'0\', msg=\'null\'}');
INSERT INTO `sys_log` VALUES (44, '2019-11-15 14:58:19', '2019-11-15 14:58:19', 'system', '0:0:0:0:0:0:0:1', 'superadmin', 9, '[{\"requestUrl\":\"\",\"operateUser\":\"\",\"begin\":\"\",\"end\":\"\",\"appId\":null,\"appVer\":null,\"clientIp\":\"0:0:0:0:0:0:0:1\",\"checkSum\":null,\"appVerCode\":0,\"requestTime\":1573801099246,\"reqUserName\":\"superadmin\",\"pageIndex\":1,\"pageSize\":10,\"sortProp\":\"createTime\",\"ascending\":false,\"requestType\":QUERY,\"subTag\":0}]', '/api/upms/log/query/v1', 'UpmsResponse{result=PageResultResponse{code=0, msg=\'pageIndex:1,pageSize:10\', count=25, dataSize=10}, status=\'0\', msg=\'null\'}');
INSERT INTO `sys_log` VALUES (45, '2019-11-15 18:43:38', '2019-11-15 18:43:38', 'system', '0:0:0:0:0:0:0:1', 'superadmin', 89, '[{\"roleId\":1,\"authIds\":[1, 2, 3, 4, 5, 6, 7, 8, 9, 10, 11, 12, 13, 14, 15, 16, 17, 18, 19, 20, 21, 22],\"appId\":null,\"appVer\":null,\"clientIp\":\"0:0:0:0:0:0:0:1\",\"checkSum\":null,\"appVerCode\":0,\"requestTime\":1573814618733,\"reqUserName\":\"superadmin\",\"pageIndex\":1,\"pageSize\":2147483647,\"sortProp\":null,\"ascending\":true,\"requestType\":UPDATE,\"subTag\":0}]', '/api/upms/role/updateAuths/v1', 'UpmsResponse{result=true, status=\'0\', msg=\'success\'}');
INSERT INTO `sys_log` VALUES (46, '2019-11-15 18:44:07', '2019-11-15 18:44:07', 'system', '0:0:0:0:0:0:0:1', 'superadmin', 18, '[{\"code\":\"11\",\"name\":\"111\",\"value\":\"111\",\"typeCode\":\"source\",\"appId\":null,\"appVer\":null,\"clientIp\":\"0:0:0:0:0:0:0:1\",\"checkSum\":null,\"appVerCode\":0,\"requestTime\":1573814647286,\"reqUserName\":\"superadmin\",\"pageIndex\":1,\"pageSize\":2147483647,\"sortProp\":null,\"ascending\":true,\"requestType\":CREATE,\"subTag\":0}]', '/api/upms/dic/update/v1', 'UpmsResponse{result=true, status=\'0\', msg=\'success\'}');
INSERT INTO `sys_log` VALUES (47, '2019-11-15 18:44:11', '2019-11-15 18:44:11', 'system', '0:0:0:0:0:0:0:1', 'superadmin', 9, '[{\"code\":\"11\",\"name\":null,\"value\":null,\"typeCode\":null,\"appId\":null,\"appVer\":null,\"clientIp\":\"0:0:0:0:0:0:0:1\",\"checkSum\":null,\"appVerCode\":0,\"requestTime\":1573814651445,\"reqUserName\":\"superadmin\",\"pageIndex\":1,\"pageSize\":2147483647,\"sortProp\":null,\"ascending\":true,\"requestType\":DELETE,\"subTag\":0}]', '/api/upms/dic/delete/v1', 'UpmsResponse{result=true, status=\'0\', msg=\'success\'}');
INSERT INTO `sys_log` VALUES (48, '2019-11-20 15:33:55', '2019-11-20 15:33:55', 'system', '0:0:0:0:0:0:0:1', 'superadmin', 66, '[{\"userId\":1,\"userName\":null,\"password\":\"$2a$04$BerVRhfSl7cJprRqY9xKp.W2YMXYvdw8WfnjdnBcgLvMQjwrS4mqe\",\"nickName\":null,\"avatar\":null,\"sex\":null,\"phone\":null,\"email\":null,\"emailVerified\":false,\"state\":null,\"appId\":null,\"appVer\":null,\"clientIp\":\"0:0:0:0:0:0:0:1\",\"checkSum\":null,\"appVerCode\":0,\"requestTime\":1574235235092,\"reqUserName\":\"superadmin\",\"pageIndex\":1,\"pageSize\":2147483647,\"sortProp\":null,\"ascending\":true,\"requestType\":UPDATE,\"subTag\":2}]', '/api/upms/user/update/v1', 'UpmsResponse{result=true, status=\'0\', msg=\'success\'}');
INSERT INTO `sys_log` VALUES (49, '2019-11-20 15:35:49', '2019-11-20 15:35:49', 'system', '0:0:0:0:0:0:0:1', 'superadmin', 13, '[{\"userId\":1,\"userName\":null,\"password\":\"$2a$04$uHywS8/AukaPBuY8875iSOKwPm2XQPAbAFA7XrdfKVN0MfgDJATPC\",\"nickName\":null,\"avatar\":null,\"sex\":null,\"phone\":null,\"email\":null,\"emailVerified\":false,\"state\":null,\"appId\":null,\"appVer\":null,\"clientIp\":\"0:0:0:0:0:0:0:1\",\"checkSum\":null,\"appVerCode\":0,\"requestTime\":1574235349675,\"reqUserName\":\"superadmin\",\"pageIndex\":1,\"pageSize\":2147483647,\"sortProp\":null,\"ascending\":true,\"requestType\":UPDATE,\"subTag\":2}]', '/api/upms/user/update/v1', 'UpmsResponse{result=true, status=\'0\', msg=\'success\'}');
INSERT INTO `sys_log` VALUES (50, '2019-11-20 16:57:32', '2019-11-20 16:57:32', 'system', '0:0:0:0:0:0:0:1', 'superadmin', 38, '[{\"roleId\":null,\"roleName\":\"test\",\"comments\":\"\",\"sourceCode\":null,\"appId\":null,\"appVer\":null,\"clientIp\":\"0:0:0:0:0:0:0:1\",\"checkSum\":null,\"appVerCode\":0,\"requestTime\":1574240252580,\"reqUserName\":\"superadmin\",\"pageIndex\":1,\"pageSize\":2147483647,\"sortProp\":null,\"ascending\":true,\"requestType\":CREATE,\"subTag\":0}]', '/api/upms/role/update/v1', 'UpmsResponse{result=true, status=\'0\', msg=\'success\'}');
INSERT INTO `sys_log` VALUES (51, '2019-11-20 16:57:51', '2019-11-20 16:57:51', 'system', '0:0:0:0:0:0:0:1', 'superadmin', 21, '[{\"roleId\":14,\"authIds\":[1, 18, 19, 20, 21, 22],\"appId\":null,\"appVer\":null,\"clientIp\":\"0:0:0:0:0:0:0:1\",\"checkSum\":null,\"appVerCode\":0,\"requestTime\":1574240271033,\"reqUserName\":\"superadmin\",\"pageIndex\":1,\"pageSize\":2147483647,\"sortProp\":null,\"ascending\":true,\"requestType\":UPDATE,\"subTag\":0}]', '/api/upms/role/updateAuths/v1', 'UpmsResponse{result=true, status=\'0\', msg=\'success\'}');
INSERT INTO `sys_log` VALUES (52, '2019-11-20 16:58:15', '2019-11-20 16:58:15', 'system', '0:0:0:0:0:0:0:1', 'superadmin', 33, '[{\"userId\":42,\"roleIds\":[14],\"appId\":null,\"appVer\":null,\"clientIp\":\"0:0:0:0:0:0:0:1\",\"checkSum\":null,\"appVerCode\":0,\"requestTime\":1574240295083,\"reqUserName\":\"superadmin\",\"pageIndex\":1,\"pageSize\":2147483647,\"sortProp\":null,\"ascending\":true,\"requestType\":UPDATE,\"subTag\":0}]', '/api/upms/user/updateRoles/v1', 'UpmsResponse{result=true, status=\'0\', msg=\'success\'}');
INSERT INTO `sys_log` VALUES (53, '2019-11-27 14:22:54', '2019-11-27 14:22:54', 'system', '0:0:0:0:0:0:0:1', 'superadmin', 59, '[{\"authorityId\":28,\"authorityName\":\"com.bb.launcher2\",\"authority\":\"com.bb.launcher2\",\"accessUrl\":\"\",\"parentId\":null,\"authType\":\"menu\",\"orderNumber\":2,\"authIcon\":\"\",\"sourceCode\":null,\"appId\":null,\"appVer\":null,\"clientIp\":\"0:0:0:0:0:0:0:1\",\"checkSum\":null,\"appVerCode\":0,\"requestTime\":1574835774751,\"reqUserName\":\"superadmin\",\"pageIndex\":1,\"pageSize\":2147483647,\"sortProp\":null,\"ascending\":true,\"requestType\":UPDATE,\"subTag\":0}]', '/api/upms/sysAuthority/update/v1', 'UpmsResponse{result=true, status=\'0\', msg=\'success\'}');
INSERT INTO `sys_log` VALUES (54, '2019-11-27 14:24:22', '2019-11-27 14:24:22', 'system', '0:0:0:0:0:0:0:1', 'superadmin', 13, '[{\"authorityId\":27,\"authorityName\":\"com.csz.universal.tv\",\"authority\":\"com.csz.universal.tvlauncher\",\"accessUrl\":\"\",\"parentId\":null,\"authType\":\"menu\",\"orderNumber\":3,\"authIcon\":\"\",\"sourceCode\":null,\"appId\":null,\"appVer\":null,\"clientIp\":\"0:0:0:0:0:0:0:1\",\"checkSum\":null,\"appVerCode\":0,\"requestTime\":1574835862849,\"reqUserName\":\"superadmin\",\"pageIndex\":1,\"pageSize\":2147483647,\"sortProp\":null,\"ascending\":true,\"requestType\":UPDATE,\"subTag\":0}]', '/api/upms/sysAuthority/update/v1', 'UpmsResponse{result=true, status=\'0\', msg=\'success\'}');
INSERT INTO `sys_log` VALUES (55, '2019-11-27 17:29:57', '2019-11-27 17:29:57', 'system', '0:0:0:0:0:0:0:1', 'superadmin', 62, '[{\"authorityId\":null,\"authorityName\":\"test\",\"authority\":\"test\",\"accessUrl\":\"\",\"parentId\":26,\"authType\":\"app\",\"orderNumber\":null,\"authIcon\":\"\",\"sourceCode\":\"common\",\"appId\":null,\"appVer\":null,\"clientIp\":\"0:0:0:0:0:0:0:1\",\"checkSum\":null,\"appVerCode\":0,\"requestTime\":1574846997855,\"reqUserName\":\"superadmin\",\"pageIndex\":1,\"pageSize\":2147483647,\"sortProp\":null,\"ascending\":true,\"requestType\":CREATE,\"subTag\":0}]', '/api/upms/sysAuthority/update/v1', 'UpmsResponse{result=true, status=\'0\', msg=\'success\'}');
INSERT INTO `sys_log` VALUES (56, '2019-11-27 17:30:35', '2019-11-27 17:30:35', 'system', '0:0:0:0:0:0:0:1', 'superadmin', 42, '[{\"authorityId\":29,\"authorityName\":\"test\",\"authority\":\"test\",\"accessUrl\":\"\",\"parentId\":null,\"authType\":\"app\",\"orderNumber\":9,\"authIcon\":\"\",\"sourceCode\":\"common\",\"appId\":null,\"appVer\":null,\"clientIp\":\"0:0:0:0:0:0:0:1\",\"checkSum\":null,\"appVerCode\":0,\"requestTime\":1574847035200,\"reqUserName\":\"superadmin\",\"pageIndex\":1,\"pageSize\":2147483647,\"sortProp\":null,\"ascending\":true,\"requestType\":UPDATE,\"subTag\":0}]', '/api/upms/sysAuthority/update/v1', 'UpmsResponse{result=true, status=\'0\', msg=\'success\'}');
INSERT INTO `sys_log` VALUES (57, '2019-11-27 17:32:13', '2019-11-27 17:32:13', 'system', '0:0:0:0:0:0:0:1', 'superadmin', 22, '[{\"authorityId\":29,\"authorityName\":\"test\",\"authority\":\"test\",\"accessUrl\":\"\",\"parentId\":26,\"authType\":\"app\",\"orderNumber\":9,\"authIcon\":\"\",\"sourceCode\":\"common\",\"appId\":null,\"appVer\":null,\"clientIp\":\"0:0:0:0:0:0:0:1\",\"checkSum\":null,\"appVerCode\":0,\"requestTime\":1574847133226,\"reqUserName\":\"superadmin\",\"pageIndex\":1,\"pageSize\":2147483647,\"sortProp\":null,\"ascending\":true,\"requestType\":UPDATE,\"subTag\":0}]', '/api/upms/sysAuthority/update/v1', 'UpmsResponse{result=true, status=\'0\', msg=\'success\'}');
INSERT INTO `sys_log` VALUES (58, '2019-11-27 18:19:30', '2019-11-27 18:19:30', 'system', '0:0:0:0:0:0:0:1', 'superadmin', 17, '[{\"authorityId\":29,\"authorityName\":\"test\",\"authority\":\"test\",\"accessUrl\":\"\",\"parentId\":26,\"authType\":\"app\",\"orderNumber\":1,\"authIcon\":\"\",\"sourceCode\":\"common\",\"appId\":null,\"appVer\":null,\"clientIp\":\"0:0:0:0:0:0:0:1\",\"checkSum\":null,\"appVerCode\":0,\"requestTime\":1574849970015,\"reqUserName\":\"superadmin\",\"pageIndex\":1,\"pageSize\":2147483647,\"sortProp\":null,\"ascending\":true,\"requestType\":UPDATE,\"subTag\":0}]', '/api/upms/sysAuthority/update/v1', 'UpmsResponse{result=true, status=\'0\', msg=\'success\'}');
INSERT INTO `sys_log` VALUES (59, '2019-11-27 18:21:04', '2019-11-27 18:21:04', 'system', '0:0:0:0:0:0:0:1', 'superadmin', 13, '[{\"authorityId\":27,\"authorityName\":\"com.csz.universal.tv\",\"authority\":\"com.csz.universal.tvlauncher\",\"accessUrl\":\"\",\"parentId\":26,\"authType\":\"app\",\"orderNumber\":-1,\"authIcon\":\"\",\"sourceCode\":\"common\",\"appId\":null,\"appVer\":null,\"clientIp\":\"0:0:0:0:0:0:0:1\",\"checkSum\":null,\"appVerCode\":0,\"requestTime\":1574850064798,\"reqUserName\":\"superadmin\",\"pageIndex\":1,\"pageSize\":2147483647,\"sortProp\":null,\"ascending\":true,\"requestType\":UPDATE,\"subTag\":0}]', '/api/upms/sysAuthority/update/v1', 'UpmsResponse{result=true, status=\'0\', msg=\'success\'}');
INSERT INTO `sys_log` VALUES (60, '2019-11-27 18:21:12', '2019-11-27 18:21:12', 'system', '0:0:0:0:0:0:0:1', 'superadmin', 7, '[{\"authorityId\":28,\"authorityName\":\"com.bb.launcher2\",\"authority\":\"com.bb.launcher2\",\"accessUrl\":\"\",\"parentId\":26,\"authType\":\"app\",\"orderNumber\":-1,\"authIcon\":\"\",\"sourceCode\":\"common\",\"appId\":null,\"appVer\":null,\"clientIp\":\"0:0:0:0:0:0:0:1\",\"checkSum\":null,\"appVerCode\":0,\"requestTime\":1574850072103,\"reqUserName\":\"superadmin\",\"pageIndex\":1,\"pageSize\":2147483647,\"sortProp\":null,\"ascending\":true,\"requestType\":UPDATE,\"subTag\":0}]', '/api/upms/sysAuthority/update/v1', 'UpmsResponse{result=true, status=\'0\', msg=\'success\'}');
INSERT INTO `sys_log` VALUES (61, '2019-11-27 18:21:16', '2019-11-27 18:21:16', 'system', '0:0:0:0:0:0:0:1', 'superadmin', 6, '[{\"authorityId\":29,\"authorityName\":\"test\",\"authority\":\"test\",\"accessUrl\":\"\",\"parentId\":26,\"authType\":\"app\",\"orderNumber\":-1,\"authIcon\":\"\",\"sourceCode\":\"common\",\"appId\":null,\"appVer\":null,\"clientIp\":\"0:0:0:0:0:0:0:1\",\"checkSum\":null,\"appVerCode\":0,\"requestTime\":1574850076479,\"reqUserName\":\"superadmin\",\"pageIndex\":1,\"pageSize\":2147483647,\"sortProp\":null,\"ascending\":true,\"requestType\":UPDATE,\"subTag\":0}]', '/api/upms/sysAuthority/update/v1', 'UpmsResponse{result=true, status=\'0\', msg=\'success\'}');
INSERT INTO `sys_log` VALUES (62, '2019-11-28 14:47:15', '2019-11-28 14:47:15', 'system', '0:0:0:0:0:0:0:1', 'superadmin', 45, '[{\"roleId\":null,\"roleName\":\"2424\",\"comments\":\"\",\"sourceCode\":\"-1\",\"appId\":null,\"appVer\":null,\"clientIp\":\"0:0:0:0:0:0:0:1\",\"checkSum\":null,\"appVerCode\":0,\"requestTime\":1574923635662,\"reqUserName\":\"superadmin\",\"pageIndex\":1,\"pageSize\":2147483647,\"sortProp\":null,\"ascending\":true,\"requestType\":CREATE,\"subTag\":0}]', '/api/upms/role/update/v1', 'UpmsResponse{result=true, status=\'0\', msg=\'success\'}');
INSERT INTO `sys_log` VALUES (63, '2019-11-29 10:32:02', '2019-11-29 10:32:02', 'system', '0:0:0:0:0:0:0:1', 'superadmin', 45, '[{\"userId\":null,\"userName\":\"高大哥大哥\",\"password\":\"$2a$04$p9h7OYNf4crj4TPFIYt9g.inlwwpH7xV0bY2xsJuVHXx88hAF3Dsa\",\"nickName\":\"\",\"avatar\":null,\"sex\":\"male\",\"phone\":\"\",\"email\":null,\"emailVerified\":false,\"state\":null,\"appId\":null,\"appVer\":null,\"clientIp\":\"0:0:0:0:0:0:0:1\",\"checkSum\":null,\"appVerCode\":0,\"requestTime\":1574994722542,\"reqUserName\":\"superadmin\",\"pageIndex\":1,\"pageSize\":2147483647,\"sortProp\":null,\"ascending\":true,\"requestType\":CREATE,\"subTag\":0}]', '/api/upms/user/update/v1', 'UpmsResponse{result=true, status=\'0\', msg=\'success\'}');
INSERT INTO `sys_log` VALUES (64, '2019-11-29 10:32:07', '2019-11-29 10:32:07', 'system', '0:0:0:0:0:0:0:1', 'superadmin', 35, '[{\"userId\":43,\"userName\":null,\"password\":null,\"nickName\":null,\"avatar\":null,\"sex\":null,\"phone\":null,\"email\":null,\"emailVerified\":false,\"state\":1,\"appId\":null,\"appVer\":null,\"clientIp\":\"0:0:0:0:0:0:0:1\",\"checkSum\":null,\"appVerCode\":0,\"requestTime\":1574994727372,\"reqUserName\":\"superadmin\",\"pageIndex\":1,\"pageSize\":2147483647,\"sortProp\":null,\"ascending\":true,\"requestType\":UPDATE,\"subTag\":1}]', '/api/upms/user/update/v1', 'UpmsResponse{result=true, status=\'0\', msg=\'success\'}');
INSERT INTO `sys_log` VALUES (65, '2019-11-29 14:26:54', '2019-11-29 14:26:54', 'system', '0:0:0:0:0:0:0:1', 'superadmin', -1, '[{\"authorityId\":18,\"authorityName\":null,\"authority\":null,\"accessUrl\":null,\"parentId\":null,\"authType\":null,\"orderNumber\":null,\"authIcon\":null,\"sourceCode\":null,\"appId\":null,\"appVer\":null,\"clientIp\":\"0:0:0:0:0:0:0:1\",\"checkSum\":null,\"appVerCode\":0,\"requestTime\":1575008814398,\"reqUserName\":\"superadmin\",\"pageIndex\":1,\"pageSize\":2147483647,\"sortProp\":null,\"ascending\":true,\"requestType\":DELETE,\"subTag\":0}]', '/api/upms/sysAuthority/delete/v1', 'Exception:please delete child nodes first');
INSERT INTO `sys_log` VALUES (66, '2019-11-29 14:27:04', '2019-11-29 14:27:04', 'system', '0:0:0:0:0:0:0:1', 'superadmin', 68, '[{\"authorityId\":22,\"authorityName\":null,\"authority\":null,\"accessUrl\":null,\"parentId\":null,\"authType\":null,\"orderNumber\":null,\"authIcon\":null,\"sourceCode\":null,\"appId\":null,\"appVer\":null,\"clientIp\":\"0:0:0:0:0:0:0:1\",\"checkSum\":null,\"appVerCode\":0,\"requestTime\":1575008824794,\"reqUserName\":\"superadmin\",\"pageIndex\":1,\"pageSize\":2147483647,\"sortProp\":null,\"ascending\":true,\"requestType\":DELETE,\"subTag\":0}]', '/api/upms/sysAuthority/delete/v1', 'UpmsResponse{result=true, status=\'0\', msg=\'success\'}');
INSERT INTO `sys_log` VALUES (67, '2019-11-29 14:27:12', '2019-11-29 14:27:12', 'system', '0:0:0:0:0:0:0:1', 'superadmin', 17, '[{\"authorityId\":21,\"authorityName\":null,\"authority\":null,\"accessUrl\":null,\"parentId\":null,\"authType\":null,\"orderNumber\":null,\"authIcon\":null,\"sourceCode\":null,\"appId\":null,\"appVer\":null,\"clientIp\":\"0:0:0:0:0:0:0:1\",\"checkSum\":null,\"appVerCode\":0,\"requestTime\":1575008832059,\"reqUserName\":\"superadmin\",\"pageIndex\":1,\"pageSize\":2147483647,\"sortProp\":null,\"ascending\":true,\"requestType\":DELETE,\"subTag\":0}]', '/api/upms/sysAuthority/delete/v1', 'UpmsResponse{result=true, status=\'0\', msg=\'success\'}');
INSERT INTO `sys_log` VALUES (68, '2019-11-29 14:27:14', '2019-11-29 14:27:14', 'system', '0:0:0:0:0:0:0:1', 'superadmin', 17, '[{\"authorityId\":20,\"authorityName\":null,\"authority\":null,\"accessUrl\":null,\"parentId\":null,\"authType\":null,\"orderNumber\":null,\"authIcon\":null,\"sourceCode\":null,\"appId\":null,\"appVer\":null,\"clientIp\":\"0:0:0:0:0:0:0:1\",\"checkSum\":null,\"appVerCode\":0,\"requestTime\":1575008834571,\"reqUserName\":\"superadmin\",\"pageIndex\":1,\"pageSize\":2147483647,\"sortProp\":null,\"ascending\":true,\"requestType\":DELETE,\"subTag\":0}]', '/api/upms/sysAuthority/delete/v1', 'UpmsResponse{result=true, status=\'0\', msg=\'success\'}');
INSERT INTO `sys_log` VALUES (69, '2019-11-29 14:27:17', '2019-11-29 14:27:17', 'system', '0:0:0:0:0:0:0:1', 'superadmin', 11, '[{\"authorityId\":19,\"authorityName\":null,\"authority\":null,\"accessUrl\":null,\"parentId\":null,\"authType\":null,\"orderNumber\":null,\"authIcon\":null,\"sourceCode\":null,\"appId\":null,\"appVer\":null,\"clientIp\":\"0:0:0:0:0:0:0:1\",\"checkSum\":null,\"appVerCode\":0,\"requestTime\":1575008837603,\"reqUserName\":\"superadmin\",\"pageIndex\":1,\"pageSize\":2147483647,\"sortProp\":null,\"ascending\":true,\"requestType\":DELETE,\"subTag\":0}]', '/api/upms/sysAuthority/delete/v1', 'UpmsResponse{result=true, status=\'0\', msg=\'success\'}');
INSERT INTO `sys_log` VALUES (70, '2019-11-29 14:27:21', '2019-11-29 14:27:21', 'system', '0:0:0:0:0:0:0:1', 'superadmin', 24, '[{\"authorityId\":18,\"authorityName\":null,\"authority\":null,\"accessUrl\":null,\"parentId\":null,\"authType\":null,\"orderNumber\":null,\"authIcon\":null,\"sourceCode\":null,\"appId\":null,\"appVer\":null,\"clientIp\":\"0:0:0:0:0:0:0:1\",\"checkSum\":null,\"appVerCode\":0,\"requestTime\":1575008841033,\"reqUserName\":\"superadmin\",\"pageIndex\":1,\"pageSize\":2147483647,\"sortProp\":null,\"ascending\":true,\"requestType\":DELETE,\"subTag\":0}]', '/api/upms/sysAuthority/delete/v1', 'UpmsResponse{result=true, status=\'0\', msg=\'success\'}');
INSERT INTO `sys_log` VALUES (71, '2019-11-29 14:29:45', '2019-11-29 14:29:45', 'system', '0:0:0:0:0:0:0:1', 'superadmin', 17, '[{\"authorityId\":null,\"authorityName\":\"Role Management\",\"authority\":\"\",\"accessUrl\":\"system/upms/role\",\"parentId\":30,\"authType\":\"menu\",\"orderNumber\":null,\"authIcon\":\"\",\"sourceCode\":null,\"appId\":null,\"appVer\":null,\"clientIp\":\"0:0:0:0:0:0:0:1\",\"checkSum\":null,\"appVerCode\":0,\"requestTime\":1575008985334,\"reqUserName\":\"superadmin\",\"pageIndex\":1,\"pageSize\":2147483647,\"sortProp\":null,\"ascending\":true,\"requestType\":CREATE,\"subTag\":0}]', '/api/upms/sysAuthority/update/v1', 'UpmsResponse{result=true, status=\'0\', msg=\'success\'}');
INSERT INTO `sys_log` VALUES (72, '2019-11-29 14:30:17', '2019-11-29 14:30:17', 'system', '0:0:0:0:0:0:0:1', 'superadmin', 51, '[{\"roleId\":1,\"authIds\":[1, 2, 3, 4, 5, 6, 7, 8, 9, 10, 11, 12, 30, 31, 32, 14, 15, 16, 17],\"appId\":null,\"appVer\":null,\"clientIp\":\"0:0:0:0:0:0:0:1\",\"checkSum\":null,\"appVerCode\":0,\"requestTime\":1575009017089,\"reqUserName\":\"superadmin\",\"pageIndex\":1,\"pageSize\":2147483647,\"sortProp\":null,\"ascending\":true,\"requestType\":UPDATE,\"subTag\":0}]', '/api/upms/role/updateAuths/v1', 'UpmsResponse{result=true, status=\'0\', msg=\'success\'}');
INSERT INTO `sys_log` VALUES (73, '2019-11-29 14:34:37', '2019-11-29 14:34:37', 'system', '0:0:0:0:0:0:0:1', 'superadmin', 9, '[{\"authorityId\":12,\"authorityName\":\"Menu Authority\",\"authority\":\"role:auth\",\"accessUrl\":\"system/upms/role\",\"parentId\":32,\"authType\":\"element\",\"orderNumber\":12,\"authIcon\":\"\",\"sourceCode\":null,\"appId\":null,\"appVer\":null,\"clientIp\":\"0:0:0:0:0:0:0:1\",\"checkSum\":null,\"appVerCode\":0,\"requestTime\":1575009277605,\"reqUserName\":\"superadmin\",\"pageIndex\":1,\"pageSize\":2147483647,\"sortProp\":null,\"ascending\":true,\"requestType\":UPDATE,\"subTag\":0}]', '/api/upms/sysAuthority/update/v1', 'UpmsResponse{result=true, status=\'0\', msg=\'success\'}');
INSERT INTO `sys_log` VALUES (74, '2019-11-29 14:40:50', '2019-11-29 14:40:50', 'system', '0:0:0:0:0:0:0:1', 'superadmin', 19, '[{\"authorityId\":null,\"authorityName\":\"11\",\"authority\":\"11\",\"accessUrl\":\"11\",\"parentId\":-1,\"authType\":\"11\",\"orderNumber\":null,\"authIcon\":\"11\",\"sourceCode\":null,\"appId\":null,\"appVer\":null,\"clientIp\":\"0:0:0:0:0:0:0:1\",\"checkSum\":null,\"appVerCode\":0,\"requestTime\":1575009650142,\"reqUserName\":\"superadmin\",\"pageIndex\":1,\"pageSize\":2147483647,\"sortProp\":null,\"ascending\":true,\"requestType\":CREATE,\"subTag\":0}]', '/api/upms/sysAuthority/update/v1', 'UpmsResponse{result=true, status=\'0\', msg=\'success\'}');
INSERT INTO `sys_log` VALUES (75, '2019-11-29 14:41:30', '2019-11-29 14:41:30', 'system', '0:0:0:0:0:0:0:1', 'superadmin', 9, '[{\"authorityId\":1,\"authorityName\":\"System Management123\",\"authority\":\"\",\"accessUrl\":\"\",\"parentId\":-1,\"authType\":\"menu\",\"orderNumber\":1,\"authIcon\":\"layui-icon-set\",\"sourceCode\":null,\"appId\":null,\"appVer\":null,\"clientIp\":\"0:0:0:0:0:0:0:1\",\"checkSum\":null,\"appVerCode\":0,\"requestTime\":1575009690814,\"reqUserName\":\"superadmin\",\"pageIndex\":1,\"pageSize\":2147483647,\"sortProp\":null,\"ascending\":true,\"requestType\":UPDATE,\"subTag\":0}]', '/api/upms/sysAuthority/update/v1', 'UpmsResponse{result=true, status=\'0\', msg=\'success\'}');
INSERT INTO `sys_log` VALUES (76, '2019-11-29 14:57:42', '2019-11-29 14:57:42', 'system', '0:0:0:0:0:0:0:1', 'superadmin', 17, '[{\"authorityId\":1,\"authorityName\":\"System Management123\",\"authority\":\"\",\"accessUrl\":\"\",\"parentId\":-1,\"authType\":\"menu\",\"orderNumber\":1,\"authIcon\":\"layui-icon-set\",\"sourceCode\":\"upms\",\"appId\":null,\"appVer\":null,\"clientIp\":\"0:0:0:0:0:0:0:1\",\"checkSum\":null,\"appVerCode\":0,\"requestTime\":1575010662739,\"reqUserName\":\"superadmin\",\"pageIndex\":1,\"pageSize\":2147483647,\"sortProp\":null,\"ascending\":true,\"requestType\":UPDATE,\"subTag\":0}]', '/api/upms/sysAuthority/update/v1', 'UpmsResponse{result=true, status=\'0\', msg=\'success\'}');
INSERT INTO `sys_log` VALUES (77, '2019-11-29 14:58:00', '2019-11-29 14:58:00', 'system', '0:0:0:0:0:0:0:1', 'superadmin', 7, '[{\"authorityId\":1,\"authorityName\":\"System Management\",\"authority\":\"\",\"accessUrl\":\"\",\"parentId\":-1,\"authType\":\"menu\",\"orderNumber\":1,\"authIcon\":\"layui-icon-set\",\"sourceCode\":\"upms\",\"appId\":null,\"appVer\":null,\"clientIp\":\"0:0:0:0:0:0:0:1\",\"checkSum\":null,\"appVerCode\":0,\"requestTime\":1575010680677,\"reqUserName\":\"superadmin\",\"pageIndex\":1,\"pageSize\":2147483647,\"sortProp\":null,\"ascending\":true,\"requestType\":UPDATE,\"subTag\":0}]', '/api/upms/sysAuthority/update/v1', 'UpmsResponse{result=true, status=\'0\', msg=\'success\'}');
INSERT INTO `sys_log` VALUES (78, '2019-11-29 15:12:22', '2019-11-29 15:12:22', 'system', '0:0:0:0:0:0:0:1', 'superadmin', 11, '[{\"authorityId\":null,\"authorityName\":\"ttt\",\"authority\":\"ttt\",\"accessUrl\":\"ttt\",\"parentId\":-1,\"authType\":\"ttt\",\"orderNumber\":null,\"authIcon\":\"ttt\",\"sourceCode\":\"upms\",\"appId\":null,\"appVer\":null,\"clientIp\":\"0:0:0:0:0:0:0:1\",\"checkSum\":null,\"appVerCode\":0,\"requestTime\":1575011542873,\"reqUserName\":\"superadmin\",\"pageIndex\":1,\"pageSize\":2147483647,\"sortProp\":null,\"ascending\":true,\"requestType\":CREATE,\"subTag\":0}]', '/api/upms/sysAuthority/update/v1', 'UpmsResponse{result=true, status=\'0\', msg=\'success\'}');
INSERT INTO `sys_log` VALUES (79, '2019-11-29 15:12:49', '2019-11-29 15:12:49', 'system', '0:0:0:0:0:0:0:1', 'superadmin', 13, '[{\"authorityId\":35,\"authorityName\":null,\"authority\":null,\"accessUrl\":null,\"parentId\":null,\"authType\":null,\"orderNumber\":null,\"authIcon\":null,\"sourceCode\":null,\"appId\":null,\"appVer\":null,\"clientIp\":\"0:0:0:0:0:0:0:1\",\"checkSum\":null,\"appVerCode\":0,\"requestTime\":1575011569453,\"reqUserName\":\"superadmin\",\"pageIndex\":1,\"pageSize\":2147483647,\"sortProp\":null,\"ascending\":true,\"requestType\":DELETE,\"subTag\":0}]', '/api/upms/sysAuthority/delete/v1', 'UpmsResponse{result=true, status=\'0\', msg=\'success\'}');
INSERT INTO `sys_log` VALUES (80, '2019-12-02 14:12:44', '2019-12-02 14:12:44', 'system', '0:0:0:0:0:0:0:1', 'superadmin', 70, '[{\"roleId\":1,\"authIds\":[2, 3, 4, 5, 6, 30, 31, 14, 15, 16, 17, 32, 8, 9, 10, 11, 12, 33],\"appId\":null,\"appVer\":null,\"clientIp\":\"0:0:0:0:0:0:0:1\",\"checkSum\":null,\"appVerCode\":0,\"requestTime\":1575267164053,\"reqUserName\":\"superadmin\",\"pageIndex\":1,\"pageSize\":2147483647,\"sortProp\":null,\"ascending\":true,\"requestType\":UPDATE,\"subTag\":0}]', '/api/upms/role/updateAuths/v1', 'UpmsResponse{result=true, status=\'0\', msg=\'success\'}');
INSERT INTO `sys_log` VALUES (81, '2019-12-02 14:19:14', '2019-12-02 14:19:14', 'system', '0:0:0:0:0:0:0:1', 'superadmin', 20, '[{\"authorityId\":33,\"authorityName\":\"Source Management\",\"authority\":\"\",\"accessUrl\":\"system/source\",\"parentId\":-1,\"authType\":\"menu\",\"orderNumber\":2,\"authIcon\":\"layui-icon-app\",\"sourceCode\":\"upms\",\"appId\":null,\"appVer\":null,\"clientIp\":\"0:0:0:0:0:0:0:1\",\"checkSum\":null,\"appVerCode\":0,\"requestTime\":1575267554458,\"reqUserName\":\"superadmin\",\"pageIndex\":1,\"pageSize\":2147483647,\"sortProp\":null,\"ascending\":true,\"requestType\":UPDATE,\"subTag\":0}]', '/api/upms/sysAuthority/update/v1', 'UpmsResponse{result=true, status=\'0\', msg=\'success\'}');
INSERT INTO `sys_log` VALUES (82, '2019-12-02 14:19:26', '2019-12-02 14:19:26', 'system', '0:0:0:0:0:0:0:1', 'superadmin', 7, '[{\"authorityId\":2,\"authorityName\":\"User Management\",\"authority\":\"\",\"accessUrl\":\"system/user\",\"parentId\":-1,\"authType\":\"menu\",\"orderNumber\":1,\"authIcon\":\"layui-icon-user\",\"sourceCode\":\"upms\",\"appId\":null,\"appVer\":null,\"clientIp\":\"0:0:0:0:0:0:0:1\",\"checkSum\":null,\"appVerCode\":0,\"requestTime\":1575267566452,\"reqUserName\":\"superadmin\",\"pageIndex\":1,\"pageSize\":2147483647,\"sortProp\":null,\"ascending\":true,\"requestType\":UPDATE,\"subTag\":0}]', '/api/upms/sysAuthority/update/v1', 'UpmsResponse{result=true, status=\'0\', msg=\'success\'}');
INSERT INTO `sys_log` VALUES (83, '2019-12-02 14:19:53', '2019-12-02 14:19:53', 'system', '0:0:0:0:0:0:0:1', 'superadmin', 9, '[{\"authorityId\":30,\"authorityName\":\"UPMS\",\"authority\":\"\",\"accessUrl\":\"\",\"parentId\":-1,\"authType\":\"menu\",\"orderNumber\":3,\"authIcon\":\"layui-icon-component\",\"sourceCode\":\"upms\",\"appId\":null,\"appVer\":null,\"clientIp\":\"0:0:0:0:0:0:0:1\",\"checkSum\":null,\"appVerCode\":0,\"requestTime\":1575267593112,\"reqUserName\":\"superadmin\",\"pageIndex\":1,\"pageSize\":2147483647,\"sortProp\":null,\"ascending\":true,\"requestType\":UPDATE,\"subTag\":0}]', '/api/upms/sysAuthority/update/v1', 'UpmsResponse{result=true, status=\'0\', msg=\'success\'}');
INSERT INTO `sys_log` VALUES (84, '2019-12-02 14:21:24', '2019-12-02 14:21:24', 'system', '0:0:0:0:0:0:0:1', 'superadmin', 13, '[{\"authorityId\":null,\"authorityName\":\"Source Query\",\"authority\":\"source:view\",\"accessUrl\":\"\",\"parentId\":33,\"authType\":\"element\",\"orderNumber\":null,\"authIcon\":\"\",\"sourceCode\":\"upms\",\"appId\":null,\"appVer\":null,\"clientIp\":\"0:0:0:0:0:0:0:1\",\"checkSum\":null,\"appVerCode\":0,\"requestTime\":1575267684094,\"reqUserName\":\"superadmin\",\"pageIndex\":1,\"pageSize\":2147483647,\"sortProp\":null,\"ascending\":true,\"requestType\":CREATE,\"subTag\":0}]', '/api/upms/sysAuthority/update/v1', 'UpmsResponse{result=true, status=\'0\', msg=\'success\'}');
INSERT INTO `sys_log` VALUES (85, '2019-12-02 14:22:08', '2019-12-02 14:22:08', 'system', '0:0:0:0:0:0:0:1', 'superadmin', 14, '[{\"authorityId\":null,\"authorityName\":\"Source Add\",\"authority\":\"source:add\",\"accessUrl\":\"\",\"parentId\":33,\"authType\":\"element\",\"orderNumber\":null,\"authIcon\":\"\",\"sourceCode\":\"upms\",\"appId\":null,\"appVer\":null,\"clientIp\":\"0:0:0:0:0:0:0:1\",\"checkSum\":null,\"appVerCode\":0,\"requestTime\":1575267728240,\"reqUserName\":\"superadmin\",\"pageIndex\":1,\"pageSize\":2147483647,\"sortProp\":null,\"ascending\":true,\"requestType\":CREATE,\"subTag\":0}]', '/api/upms/sysAuthority/update/v1', 'UpmsResponse{result=true, status=\'0\', msg=\'success\'}');
INSERT INTO `sys_log` VALUES (86, '2019-12-02 14:22:40', '2019-12-02 14:22:40', 'system', '0:0:0:0:0:0:0:1', 'superadmin', 8, '[{\"authorityId\":null,\"authorityName\":\"Source Status\",\"authority\":\"\",\"accessUrl\":\"\",\"parentId\":33,\"authType\":\"element\",\"orderNumber\":null,\"authIcon\":\"\",\"sourceCode\":\"upms\",\"appId\":null,\"appVer\":null,\"clientIp\":\"0:0:0:0:0:0:0:1\",\"checkSum\":null,\"appVerCode\":0,\"requestTime\":1575267759999,\"reqUserName\":\"superadmin\",\"pageIndex\":1,\"pageSize\":2147483647,\"sortProp\":null,\"ascending\":true,\"requestType\":CREATE,\"subTag\":0}]', '/api/upms/sysAuthority/update/v1', 'UpmsResponse{result=true, status=\'0\', msg=\'success\'}');
INSERT INTO `sys_log` VALUES (87, '2019-12-02 14:22:55', '2019-12-02 14:22:55', 'system', '0:0:0:0:0:0:0:1', 'superadmin', 9, '[{\"authorityId\":36,\"authorityName\":\"Source Status\",\"authority\":\"source:status\",\"accessUrl\":\"\",\"parentId\":33,\"authType\":\"element\",\"orderNumber\":-1,\"authIcon\":\"\",\"sourceCode\":\"upms\",\"appId\":null,\"appVer\":null,\"clientIp\":\"0:0:0:0:0:0:0:1\",\"checkSum\":null,\"appVerCode\":0,\"requestTime\":1575267775892,\"reqUserName\":\"superadmin\",\"pageIndex\":1,\"pageSize\":2147483647,\"sortProp\":null,\"ascending\":true,\"requestType\":UPDATE,\"subTag\":0}]', '/api/upms/sysAuthority/update/v1', 'UpmsResponse{result=true, status=\'0\', msg=\'success\'}');
INSERT INTO `sys_log` VALUES (88, '2019-12-02 14:25:18', '2019-12-02 14:25:18', 'system', '0:0:0:0:0:0:0:1', 'superadmin', 36, '[{\"roleId\":1,\"authIds\":[2, 3, 4, 5, 6, 30, 31, 14, 15, 16, 17, 32, 8, 9, 10, 11, 12, 33, 34, 35, 36],\"appId\":null,\"appVer\":null,\"clientIp\":\"0:0:0:0:0:0:0:1\",\"checkSum\":null,\"appVerCode\":0,\"requestTime\":1575267918299,\"reqUserName\":\"superadmin\",\"pageIndex\":1,\"pageSize\":2147483647,\"sortProp\":null,\"ascending\":true,\"requestType\":UPDATE,\"subTag\":0}]', '/api/upms/role/updateAuths/v1', 'UpmsResponse{result=true, status=\'0\', msg=\'success\'}');
INSERT INTO `sys_log` VALUES (89, '2019-12-02 14:28:10', '2019-12-02 14:28:10', 'system', '0:0:0:0:0:0:0:1', 'superadmin', 10, '[{\"userId\":42,\"userName\":null,\"password\":null,\"nickName\":null,\"avatar\":null,\"sex\":null,\"phone\":null,\"email\":null,\"emailVerified\":false,\"state\":1,\"appId\":null,\"appVer\":null,\"clientIp\":\"0:0:0:0:0:0:0:1\",\"checkSum\":null,\"appVerCode\":0,\"requestTime\":1575268090363,\"reqUserName\":\"superadmin\",\"pageIndex\":1,\"pageSize\":2147483647,\"sortProp\":null,\"ascending\":true,\"requestType\":UPDATE,\"subTag\":1}]', '/api/upms/user/update/v1', 'UpmsResponse{result=true, status=\'0\', msg=\'success\'}');
INSERT INTO `sys_log` VALUES (90, '2019-12-02 14:28:11', '2019-12-02 14:28:11', 'system', '0:0:0:0:0:0:0:1', 'superadmin', 8, '[{\"userId\":42,\"userName\":null,\"password\":null,\"nickName\":null,\"avatar\":null,\"sex\":null,\"phone\":null,\"email\":null,\"emailVerified\":false,\"state\":0,\"appId\":null,\"appVer\":null,\"clientIp\":\"0:0:0:0:0:0:0:1\",\"checkSum\":null,\"appVerCode\":0,\"requestTime\":1575268091257,\"reqUserName\":\"superadmin\",\"pageIndex\":1,\"pageSize\":2147483647,\"sortProp\":null,\"ascending\":true,\"requestType\":UPDATE,\"subTag\":1}]', '/api/upms/user/update/v1', 'UpmsResponse{result=true, status=\'0\', msg=\'success\'}');
INSERT INTO `sys_log` VALUES (91, '2019-12-02 14:32:21', '2019-12-02 14:32:21', 'system', '0:0:0:0:0:0:0:1', 'superadmin', 35, '[{\"sourceCode\":\"upms\",\"sourceName\":null,\"status\":false,\"appId\":null,\"appVer\":null,\"clientIp\":\"0:0:0:0:0:0:0:1\",\"checkSum\":null,\"appVerCode\":0,\"requestTime\":1575268341584,\"reqUserName\":\"superadmin\",\"pageIndex\":1,\"pageSize\":2147483647,\"sortProp\":null,\"ascending\":true,\"requestType\":UPDATE,\"subTag\":1}]', '/api/upms/source/update/v1', 'UpmsResponse{result=true, status=\'0\', msg=\'success\'}');
INSERT INTO `sys_log` VALUES (92, '2019-12-02 14:33:21', '2019-12-02 14:33:21', 'system', '0:0:0:0:0:0:0:1', 'superadmin', 7, '[{\"sourceCode\":\"upms\",\"sourceName\":null,\"status\":false,\"appId\":null,\"appVer\":null,\"clientIp\":\"0:0:0:0:0:0:0:1\",\"checkSum\":null,\"appVerCode\":0,\"requestTime\":1575268401118,\"reqUserName\":\"superadmin\",\"pageIndex\":1,\"pageSize\":2147483647,\"sortProp\":null,\"ascending\":true,\"requestType\":UPDATE,\"subTag\":1}]', '/api/upms/source/update/v1', 'UpmsResponse{result=true, status=\'0\', msg=\'success\'}');
INSERT INTO `sys_log` VALUES (93, '2019-12-02 14:33:23', '2019-12-02 14:33:23', 'system', '0:0:0:0:0:0:0:1', 'superadmin', 9, '[{\"sourceCode\":\"upms\",\"sourceName\":null,\"status\":true,\"appId\":null,\"appVer\":null,\"clientIp\":\"0:0:0:0:0:0:0:1\",\"checkSum\":null,\"appVerCode\":0,\"requestTime\":1575268403035,\"reqUserName\":\"superadmin\",\"pageIndex\":1,\"pageSize\":2147483647,\"sortProp\":null,\"ascending\":true,\"requestType\":UPDATE,\"subTag\":1}]', '/api/upms/source/update/v1', 'UpmsResponse{result=true, status=\'0\', msg=\'success\'}');
INSERT INTO `sys_log` VALUES (94, '2019-12-02 14:33:25', '2019-12-02 14:33:25', 'system', '0:0:0:0:0:0:0:1', 'superadmin', 12, '[{\"sourceCode\":\"upms\",\"sourceName\":null,\"status\":false,\"appId\":null,\"appVer\":null,\"clientIp\":\"0:0:0:0:0:0:0:1\",\"checkSum\":null,\"appVerCode\":0,\"requestTime\":1575268405543,\"reqUserName\":\"superadmin\",\"pageIndex\":1,\"pageSize\":2147483647,\"sortProp\":null,\"ascending\":true,\"requestType\":UPDATE,\"subTag\":1}]', '/api/upms/source/update/v1', 'UpmsResponse{result=true, status=\'0\', msg=\'success\'}');
INSERT INTO `sys_log` VALUES (95, '2019-12-02 14:33:28', '2019-12-02 14:33:28', 'system', '0:0:0:0:0:0:0:1', 'superadmin', 6, '[{\"sourceCode\":\"upms\",\"sourceName\":null,\"status\":true,\"appId\":null,\"appVer\":null,\"clientIp\":\"0:0:0:0:0:0:0:1\",\"checkSum\":null,\"appVerCode\":0,\"requestTime\":1575268408604,\"reqUserName\":\"superadmin\",\"pageIndex\":1,\"pageSize\":2147483647,\"sortProp\":null,\"ascending\":true,\"requestType\":UPDATE,\"subTag\":1}]', '/api/upms/source/update/v1', 'UpmsResponse{result=true, status=\'0\', msg=\'success\'}');
INSERT INTO `sys_log` VALUES (96, '2019-12-02 14:54:58', '2019-12-02 14:54:58', 'system', '0:0:0:0:0:0:0:1', 'superadmin', 49, '[{\"roleId\":14,\"roleName\":null,\"comments\":null,\"sourceCode\":null,\"appId\":null,\"appVer\":null,\"clientIp\":\"0:0:0:0:0:0:0:1\",\"checkSum\":null,\"appVerCode\":0,\"requestTime\":1575269698821,\"reqUserName\":\"superadmin\",\"pageIndex\":1,\"pageSize\":2147483647,\"sortProp\":null,\"ascending\":true,\"requestType\":DELETE,\"subTag\":0}]', '/api/upms/role/delete/v1', 'UpmsResponse{result=true, status=\'0\', msg=\'success\'}');
INSERT INTO `sys_log` VALUES (97, '2019-12-02 15:06:06', '2019-12-02 15:06:06', 'system', '0:0:0:0:0:0:0:1', 'superadmin', 42, '[{\"sourceCode\":\"upms\",\"sourceName\":null,\"status\":false,\"appId\":null,\"appVer\":null,\"clientIp\":\"0:0:0:0:0:0:0:1\",\"checkSum\":null,\"appVerCode\":0,\"requestTime\":1575270366208,\"reqUserName\":\"superadmin\",\"pageIndex\":1,\"pageSize\":2147483647,\"sortProp\":null,\"ascending\":true,\"requestType\":UPDATE,\"subTag\":1}]', '/api/upms/source/update/v1', 'UpmsResponse{result=true, status=\'0\', msg=\'success\'}');
INSERT INTO `sys_log` VALUES (98, '2019-12-02 15:06:07', '2019-12-02 15:06:07', 'system', '0:0:0:0:0:0:0:1', 'superadmin', 11, '[{\"sourceCode\":\"upms\",\"sourceName\":null,\"status\":true,\"appId\":null,\"appVer\":null,\"clientIp\":\"0:0:0:0:0:0:0:1\",\"checkSum\":null,\"appVerCode\":0,\"requestTime\":1575270367083,\"reqUserName\":\"superadmin\",\"pageIndex\":1,\"pageSize\":2147483647,\"sortProp\":null,\"ascending\":true,\"requestType\":UPDATE,\"subTag\":1}]', '/api/upms/source/update/v1', 'UpmsResponse{result=true, status=\'0\', msg=\'success\'}');
INSERT INTO `sys_log` VALUES (99, '2019-12-02 15:15:38', '2019-12-02 15:15:38', 'system', '0:0:0:0:0:0:0:1', 'superadmin', 14, '[{\"sourceCode\":\"common\",\"sourceName\":\"Common\",\"status\":null,\"appId\":null,\"appVer\":null,\"clientIp\":\"0:0:0:0:0:0:0:1\",\"checkSum\":null,\"appVerCode\":0,\"requestTime\":1575270938835,\"reqUserName\":\"superadmin\",\"pageIndex\":1,\"pageSize\":2147483647,\"sortProp\":null,\"ascending\":true,\"requestType\":CREATE,\"subTag\":0}]', '/api/upms/source/update/v1', 'UpmsResponse{result=true, status=\'0\', msg=\'success\'}');
INSERT INTO `sys_log` VALUES (100, '2019-12-02 15:17:35', '2019-12-02 15:17:35', 'system', '0:0:0:0:0:0:0:1', 'superadmin', 44, '[{\"roleId\":1,\"authIds\":[2, 3, 4, 5, 6, 30, 31, 14, 15, 16, 17, 32, 8, 9, 10, 11, 12, 33, 34, 35, 36, 37, 38, 39],\"appId\":null,\"appVer\":null,\"clientIp\":\"0:0:0:0:0:0:0:1\",\"checkSum\":null,\"appVerCode\":0,\"requestTime\":1575271055926,\"reqUserName\":\"superadmin\",\"pageIndex\":1,\"pageSize\":2147483647,\"sortProp\":null,\"ascending\":true,\"requestType\":UPDATE,\"subTag\":0}]', '/api/upms/role/updateAuths/v1', 'UpmsResponse{result=true, status=\'0\', msg=\'success\'}');
INSERT INTO `sys_log` VALUES (101, '2019-12-02 15:19:13', '2019-12-02 15:19:13', 'system', '0:0:0:0:0:0:0:1', 'superadmin', 11, '[{\"roleId\":15,\"roleName\":null,\"comments\":null,\"sourceCode\":null,\"appId\":null,\"appVer\":null,\"clientIp\":\"0:0:0:0:0:0:0:1\",\"checkSum\":null,\"appVerCode\":0,\"requestTime\":1575271153331,\"reqUserName\":\"superadmin\",\"pageIndex\":1,\"pageSize\":2147483647,\"sortProp\":null,\"ascending\":true,\"requestType\":DELETE,\"subTag\":0}]', '/api/upms/role/delete/v1', 'UpmsResponse{result=true, status=\'0\', msg=\'success\'}');
INSERT INTO `sys_log` VALUES (102, '2019-12-02 15:47:54', '2019-12-02 15:47:54', 'system', '0:0:0:0:0:0:0:1', 'superadmin', 32, '[{\"roleId\":17,\"authIds\":[23, 24, 25, 26, 27, 28, 29],\"appId\":null,\"appVer\":null,\"clientIp\":\"0:0:0:0:0:0:0:1\",\"checkSum\":null,\"appVerCode\":0,\"requestTime\":1575272874427,\"reqUserName\":\"superadmin\",\"pageIndex\":1,\"pageSize\":2147483647,\"sortProp\":null,\"ascending\":true,\"requestType\":UPDATE,\"subTag\":0}]', '/api/upms/role/updateAuths/v1', 'UpmsResponse{result=true, status=\'0\', msg=\'success\'}');
INSERT INTO `sys_log` VALUES (103, '2019-12-02 15:53:52', '2019-12-02 15:53:52', 'system', '0:0:0:0:0:0:0:1', 'superadmin', 29, '[{\"sourceCode\":\"adserver\",\"sourceName\":\"Advertisement\",\"status\":null,\"appId\":null,\"appVer\":null,\"clientIp\":\"0:0:0:0:0:0:0:1\",\"checkSum\":null,\"appVerCode\":0,\"requestTime\":1575273231979,\"reqUserName\":\"superadmin\",\"pageIndex\":1,\"pageSize\":2147483647,\"sortProp\":null,\"ascending\":true,\"requestType\":CREATE,\"subTag\":0}]', '/api/upms/source/update/v1', 'UpmsResponse{result=true, status=\'0\', msg=\'success\'}');
INSERT INTO `sys_log` VALUES (104, '2019-12-02 15:54:25', '2019-12-02 15:54:25', 'system', '0:0:0:0:0:0:0:1', 'superadmin', 35, '[{\"roleId\":1,\"authIds\":[2, 3, 4, 5, 6, 30, 31, 14, 15, 16, 17, 32, 8, 9, 10, 11, 12, 33, 34, 35, 36, 37, 38, 39, 40, 41, 42],\"appId\":null,\"appVer\":null,\"clientIp\":\"0:0:0:0:0:0:0:1\",\"checkSum\":null,\"appVerCode\":0,\"requestTime\":1575273265449,\"reqUserName\":\"superadmin\",\"pageIndex\":1,\"pageSize\":2147483647,\"sortProp\":null,\"ascending\":true,\"requestType\":UPDATE,\"subTag\":0}]', '/api/upms/role/updateAuths/v1', 'UpmsResponse{result=true, status=\'0\', msg=\'success\'}');
INSERT INTO `sys_log` VALUES (105, '2019-12-02 16:52:15', '2019-12-02 16:52:15', 'system', '0:0:0:0:0:0:0:1', 'superadmin', 33, '[{\"roleId\":null,\"roleName\":\"test\",\"comments\":\"\",\"sourceCode\":\"upms\",\"isSuper\":null,\"appId\":null,\"appVer\":null,\"clientIp\":\"0:0:0:0:0:0:0:1\",\"checkSum\":null,\"appVerCode\":0,\"requestTime\":1575276735333,\"reqUserName\":\"superadmin\",\"pageIndex\":1,\"pageSize\":2147483647,\"sortProp\":null,\"ascending\":true,\"requestType\":CREATE,\"subTag\":0}]', '/api/upms/role/update/v1', 'UpmsResponse{result=true, status=\'0\', msg=\'success\'}');
INSERT INTO `sys_log` VALUES (106, '2019-12-02 16:52:25', '2019-12-02 16:52:25', 'system', '0:0:0:0:0:0:0:1', 'superadmin', -1, '[{\"roleId\":20,\"roleName\":null,\"comments\":null,\"sourceCode\":null,\"isSuper\":null,\"appId\":null,\"appVer\":null,\"clientIp\":\"0:0:0:0:0:0:0:1\",\"checkSum\":null,\"appVerCode\":0,\"requestTime\":1575276745851,\"reqUserName\":\"superadmin\",\"pageIndex\":1,\"pageSize\":2147483647,\"sortProp\":null,\"ascending\":true,\"requestType\":DELETE,\"subTag\":0}]', '/api/upms/role/delete/v1', 'Exception:null');
INSERT INTO `sys_log` VALUES (107, '2019-12-02 16:53:07', '2019-12-02 16:53:07', 'system', '0:0:0:0:0:0:0:1', 'superadmin', -1, '[{\"roleId\":20,\"roleName\":null,\"comments\":null,\"sourceCode\":null,\"isSuper\":null,\"appId\":null,\"appVer\":null,\"clientIp\":\"0:0:0:0:0:0:0:1\",\"checkSum\":null,\"appVerCode\":0,\"requestTime\":1575276787122,\"reqUserName\":\"superadmin\",\"pageIndex\":1,\"pageSize\":2147483647,\"sortProp\":null,\"ascending\":true,\"requestType\":DELETE,\"subTag\":0}]', '/api/upms/role/delete/v1', 'Exception:null');
INSERT INTO `sys_log` VALUES (108, '2019-12-02 16:57:43', '2019-12-02 16:57:43', 'system', '0:0:0:0:0:0:0:1', 'superadmin', 45, '[{\"roleId\":20,\"roleName\":null,\"comments\":null,\"sourceCode\":null,\"isSuper\":null,\"appId\":null,\"appVer\":null,\"clientIp\":\"0:0:0:0:0:0:0:1\",\"checkSum\":null,\"appVerCode\":0,\"requestTime\":1575277063068,\"reqUserName\":\"superadmin\",\"pageIndex\":1,\"pageSize\":2147483647,\"sortProp\":null,\"ascending\":true,\"requestType\":DELETE,\"subTag\":0}]', '/api/upms/role/delete/v1', 'UpmsResponse{result=true, status=\'0\', msg=\'success\'}');
INSERT INTO `sys_log` VALUES (109, '2019-12-02 16:58:11', '2019-12-02 16:58:11', 'system', '0:0:0:0:0:0:0:1', 'superadmin', 6, '[{\"roleId\":null,\"roleName\":\"upms-common\",\"comments\":\"for common\",\"sourceCode\":\"upms\",\"isSuper\":null,\"appId\":null,\"appVer\":null,\"clientIp\":\"0:0:0:0:0:0:0:1\",\"checkSum\":null,\"appVerCode\":0,\"requestTime\":1575277091495,\"reqUserName\":\"superadmin\",\"pageIndex\":1,\"pageSize\":2147483647,\"sortProp\":null,\"ascending\":true,\"requestType\":CREATE,\"subTag\":0}]', '/api/upms/role/update/v1', 'UpmsResponse{result=true, status=\'0\', msg=\'success\'}');
INSERT INTO `sys_log` VALUES (110, '2019-12-02 16:58:30', '2019-12-02 16:58:30', 'system', '0:0:0:0:0:0:0:1', 'superadmin', 14, '[{\"roleId\":null,\"roleName\":\"common-test\",\"comments\":\"\",\"sourceCode\":\"common\",\"isSuper\":null,\"appId\":null,\"appVer\":null,\"clientIp\":\"0:0:0:0:0:0:0:1\",\"checkSum\":null,\"appVerCode\":0,\"requestTime\":1575277110901,\"reqUserName\":\"superadmin\",\"pageIndex\":1,\"pageSize\":2147483647,\"sortProp\":null,\"ascending\":true,\"requestType\":CREATE,\"subTag\":0}]', '/api/upms/role/update/v1', 'UpmsResponse{result=true, status=\'0\', msg=\'success\'}');
INSERT INTO `sys_log` VALUES (111, '2019-12-02 16:58:50', '2019-12-02 16:58:50', 'system', '0:0:0:0:0:0:0:1', 'superadmin', 16, '[{\"roleId\":22,\"roleName\":null,\"comments\":null,\"sourceCode\":null,\"isSuper\":null,\"appId\":null,\"appVer\":null,\"clientIp\":\"0:0:0:0:0:0:0:1\",\"checkSum\":null,\"appVerCode\":0,\"requestTime\":1575277130979,\"reqUserName\":\"superadmin\",\"pageIndex\":1,\"pageSize\":2147483647,\"sortProp\":null,\"ascending\":true,\"requestType\":DELETE,\"subTag\":0}]', '/api/upms/role/delete/v1', 'UpmsResponse{result=true, status=\'0\', msg=\'success\'}');
INSERT INTO `sys_log` VALUES (112, '2019-12-02 16:59:11', '2019-12-02 16:59:11', 'system', '0:0:0:0:0:0:0:1', 'superadmin', 11, '[{\"roleId\":21,\"authIds\":[37, 38, 39],\"appId\":null,\"appVer\":null,\"clientIp\":\"0:0:0:0:0:0:0:1\",\"checkSum\":null,\"appVerCode\":0,\"requestTime\":1575277151132,\"reqUserName\":\"superadmin\",\"pageIndex\":1,\"pageSize\":2147483647,\"sortProp\":null,\"ascending\":true,\"requestType\":UPDATE,\"subTag\":0}]', '/api/upms/role/updateAuths/v1', 'UpmsResponse{result=true, status=\'0\', msg=\'success\'}');
INSERT INTO `sys_log` VALUES (113, '2019-12-02 17:00:02', '2019-12-02 17:00:02', 'system', '0:0:0:0:0:0:0:1', 'superadmin', 13, '[{\"userId\":null,\"userName\":\"chengkunbo\",\"password\":\"$2a$04$v18D5AlqT78W8Zy53.A2IOSC5Bi8alhPdCTFFFdJrkBU1b9vLBf7e\",\"nickName\":\"\",\"avatar\":null,\"sex\":\"male\",\"phone\":\"\",\"email\":null,\"emailVerified\":false,\"state\":null,\"isSuper\":null,\"appId\":null,\"appVer\":null,\"clientIp\":\"0:0:0:0:0:0:0:1\",\"checkSum\":null,\"appVerCode\":0,\"requestTime\":1575277202503,\"reqUserName\":\"superadmin\",\"pageIndex\":1,\"pageSize\":2147483647,\"sortProp\":null,\"ascending\":true,\"requestType\":CREATE,\"subTag\":0}]', '/api/upms/user/update/v1', 'UpmsResponse{result=true, status=\'0\', msg=\'success\'}');
INSERT INTO `sys_log` VALUES (114, '2019-12-02 17:00:19', '2019-12-02 17:00:19', 'system', '0:0:0:0:0:0:0:1', 'superadmin', 8, '[{\"userId\":44,\"roleIds\":[21, 17],\"appId\":null,\"appVer\":null,\"clientIp\":\"0:0:0:0:0:0:0:1\",\"checkSum\":null,\"appVerCode\":0,\"requestTime\":1575277219827,\"reqUserName\":\"superadmin\",\"pageIndex\":1,\"pageSize\":2147483647,\"sortProp\":null,\"ascending\":true,\"requestType\":UPDATE,\"subTag\":0}]', '/api/upms/user/updateRoles/v1', 'UpmsResponse{result=true, status=\'0\', msg=\'success\'}');
INSERT INTO `sys_log` VALUES (115, '2019-12-02 17:57:01', '2019-12-02 17:57:01', 'system', '0:0:0:0:0:0:0:1', 'superadmin', 56, '[{\"sourceCode\":\"common\",\"sourceName\":\"Common\",\"status\":null,\"appId\":null,\"appVer\":null,\"clientIp\":\"0:0:0:0:0:0:0:1\",\"checkSum\":null,\"appVerCode\":0,\"requestTime\":1575280621268,\"reqUserName\":\"superadmin\",\"pageIndex\":1,\"pageSize\":2147483647,\"sortProp\":null,\"ascending\":true,\"requestType\":CREATE,\"subTag\":0}]', '/api/upms/source/update/v1', 'UpmsResponse{result=true, status=\'0\', msg=\'success\'}');
INSERT INTO `sys_log` VALUES (116, '2019-12-02 17:57:41', '2019-12-02 17:57:41', 'system', '0:0:0:0:0:0:0:1', 'superadmin', 43, '[{\"roleId\":1,\"authIds\":[2, 3, 4, 5, 6, 30, 31, 14, 15, 16, 17, 32, 8, 9, 10, 11, 12, 33, 34, 35, 36, 43, 44, 45, 46, 47, 48, 49, 50, 51, 52, 53, 54],\"appId\":null,\"appVer\":null,\"clientIp\":\"0:0:0:0:0:0:0:1\",\"checkSum\":null,\"appVerCode\":0,\"requestTime\":1575280661409,\"reqUserName\":\"superadmin\",\"pageIndex\":1,\"pageSize\":2147483647,\"sortProp\":null,\"ascending\":true,\"requestType\":UPDATE,\"subTag\":0}]', '/api/upms/role/updateAuths/v1', 'UpmsResponse{result=true, status=\'0\', msg=\'success\'}');
INSERT INTO `sys_log` VALUES (117, '2019-12-02 17:59:44', '2019-12-02 17:59:44', 'system', '0:0:0:0:0:0:0:1', 'superadmin', 21, '[{\"roleId\":21,\"authIds\":[43, 44, 45, 46, 47, 48, 49, 50, 51, 52, 53, 54],\"appId\":null,\"appVer\":null,\"clientIp\":\"0:0:0:0:0:0:0:1\",\"checkSum\":null,\"appVerCode\":0,\"requestTime\":1575280784515,\"reqUserName\":\"superadmin\",\"pageIndex\":1,\"pageSize\":2147483647,\"sortProp\":null,\"ascending\":true,\"requestType\":UPDATE,\"subTag\":0}]', '/api/upms/role/updateAuths/v1', 'UpmsResponse{result=true, status=\'0\', msg=\'success\'}');
INSERT INTO `sys_log` VALUES (118, '2019-12-02 18:02:34', '2019-12-02 18:02:34', 'system', '0:0:0:0:0:0:0:1', 'superadmin', 26, '[{\"sourceCode\":\"adserver\",\"sourceName\":\"Advertiesment\",\"status\":null,\"appId\":null,\"appVer\":null,\"clientIp\":\"0:0:0:0:0:0:0:1\",\"checkSum\":null,\"appVerCode\":0,\"requestTime\":1575280954254,\"reqUserName\":\"superadmin\",\"pageIndex\":1,\"pageSize\":2147483647,\"sortProp\":null,\"ascending\":true,\"requestType\":CREATE,\"subTag\":0}]', '/api/upms/source/update/v1', 'UpmsResponse{result=true, status=\'0\', msg=\'success\'}');
INSERT INTO `sys_log` VALUES (119, '2019-12-02 18:03:04', '2019-12-02 18:03:04', 'system', '0:0:0:0:0:0:0:1', 'superadmin', 53, '[{\"roleId\":1,\"authIds\":[2, 3, 4, 5, 6, 30, 31, 14, 15, 16, 17, 32, 8, 9, 10, 11, 12, 33, 34, 35, 36, 43, 44, 45, 46, 47, 48, 49, 50, 51, 52, 53, 54, 55, 56, 57, 58, 59, 60, 61, 62, 63, 64, 65, 66],\"appId\":null,\"appVer\":null,\"clientIp\":\"0:0:0:0:0:0:0:1\",\"checkSum\":null,\"appVerCode\":0,\"requestTime\":1575280984498,\"reqUserName\":\"superadmin\",\"pageIndex\":1,\"pageSize\":2147483647,\"sortProp\":null,\"ascending\":true,\"requestType\":UPDATE,\"subTag\":0}]', '/api/upms/role/updateAuths/v1', 'UpmsResponse{result=true, status=\'0\', msg=\'success\'}');
INSERT INTO `sys_log` VALUES (120, '2019-12-02 18:22:05', '2019-12-02 18:22:05', 'system', '0:0:0:0:0:0:0:1', 'superadmin', 22, '[{\"roleId\":13,\"roleName\":null,\"comments\":null,\"sourceCode\":null,\"isSuper\":null,\"appId\":null,\"appVer\":null,\"clientIp\":\"0:0:0:0:0:0:0:1\",\"checkSum\":null,\"appVerCode\":0,\"requestTime\":1575282125810,\"reqUserName\":\"superadmin\",\"pageIndex\":1,\"pageSize\":2147483647,\"sortProp\":null,\"ascending\":true,\"requestType\":DELETE,\"subTag\":0}]', '/api/upms/role/delete/v1', 'UpmsResponse{result=true, status=\'0\', msg=\'success\'}');
INSERT INTO `sys_log` VALUES (121, '2019-12-02 18:30:38', '2019-12-02 18:30:38', 'system', '0:0:0:0:0:0:0:1', 'superadmin', 12, '[{\"userId\":42,\"userName\":null,\"password\":null,\"nickName\":null,\"avatar\":null,\"sex\":null,\"phone\":null,\"email\":null,\"emailVerified\":false,\"state\":1,\"isSuper\":null,\"appId\":null,\"appVer\":null,\"clientIp\":\"0:0:0:0:0:0:0:1\",\"checkSum\":null,\"appVerCode\":0,\"requestTime\":1575282638423,\"reqUserName\":\"superadmin\",\"pageIndex\":1,\"pageSize\":2147483647,\"sortProp\":null,\"ascending\":true,\"requestType\":UPDATE,\"subTag\":1}]', '/api/upms/user/update/v1', 'UpmsResponse{result=true, status=\'0\', msg=\'success\'}');
INSERT INTO `sys_log` VALUES (122, '2019-12-02 18:31:00', '2019-12-02 18:31:00', 'system', '0:0:0:0:0:0:0:1', 'superadmin', 10, '[{\"roleId\":null,\"roleName\":\"upms-adv\",\"comments\":\"\",\"sourceCode\":\"upms\",\"isSuper\":null,\"appId\":null,\"appVer\":null,\"clientIp\":\"0:0:0:0:0:0:0:1\",\"checkSum\":null,\"appVerCode\":0,\"requestTime\":1575282660544,\"reqUserName\":\"superadmin\",\"pageIndex\":1,\"pageSize\":2147483647,\"sortProp\":null,\"ascending\":true,\"requestType\":CREATE,\"subTag\":0}]', '/api/upms/role/update/v1', 'UpmsResponse{result=true, status=\'0\', msg=\'success\'}');
INSERT INTO `sys_log` VALUES (123, '2019-12-02 18:31:11', '2019-12-02 18:31:11', 'system', '0:0:0:0:0:0:0:1', 'superadmin', 17, '[{\"roleId\":25,\"authIds\":[55, 56, 57, 58, 59, 60, 61, 62, 63, 64, 65, 66],\"appId\":null,\"appVer\":null,\"clientIp\":\"0:0:0:0:0:0:0:1\",\"checkSum\":null,\"appVerCode\":0,\"requestTime\":1575282671690,\"reqUserName\":\"superadmin\",\"pageIndex\":1,\"pageSize\":2147483647,\"sortProp\":null,\"ascending\":true,\"requestType\":UPDATE,\"subTag\":0}]', '/api/upms/role/updateAuths/v1', 'UpmsResponse{result=true, status=\'0\', msg=\'success\'}');
INSERT INTO `sys_log` VALUES (124, '2019-12-02 18:31:28', '2019-12-02 18:31:28', 'system', '0:0:0:0:0:0:0:1', 'superadmin', 17, '[{\"userId\":44,\"roleIds\":[17, 21, 25],\"appId\":null,\"appVer\":null,\"clientIp\":\"0:0:0:0:0:0:0:1\",\"checkSum\":null,\"appVerCode\":0,\"requestTime\":1575282688426,\"reqUserName\":\"superadmin\",\"pageIndex\":1,\"pageSize\":2147483647,\"sortProp\":null,\"ascending\":true,\"requestType\":UPDATE,\"subTag\":0}]', '/api/upms/user/updateRoles/v1', 'UpmsResponse{result=true, status=\'0\', msg=\'success\'}');
INSERT INTO `sys_log` VALUES (125, '2019-12-03 13:43:40', '2019-12-03 13:43:40', 'system', '127.0.0.1', 'superadmin', 45, '[{\"userId\":44,\"roleIds\":[17, 21, 25, 19],\"appId\":null,\"appVer\":null,\"clientIp\":\"127.0.0.1\",\"checkSum\":null,\"appVerCode\":0,\"requestTime\":1575351820491,\"reqUserName\":\"superadmin\",\"pageIndex\":1,\"pageSize\":2147483647,\"sortProp\":null,\"ascending\":true,\"requestType\":UPDATE,\"subTag\":0}]', '/api/upms/user/updateRoles/v1', 'UpmsResponse{result=true, status=\'0\', msg=\'success\'}');
INSERT INTO `sys_log` VALUES (126, '2019-12-03 13:44:35', '2019-12-03 13:44:35', 'system', '127.0.0.1', 'superadmin', 51, '[{\"roleId\":1,\"authIds\":[3, 4, 5, 6, 30, 31, 14, 15, 16, 17, 32, 8, 9, 10, 11, 12, 33, 34, 35, 36],\"appId\":null,\"appVer\":null,\"clientIp\":\"127.0.0.1\",\"checkSum\":null,\"appVerCode\":0,\"requestTime\":1575351875229,\"reqUserName\":\"superadmin\",\"pageIndex\":1,\"pageSize\":2147483647,\"sortProp\":null,\"ascending\":true,\"requestType\":UPDATE,\"subTag\":0}]', '/api/upms/role/updateAuths/v1', 'UpmsResponse{result=true, status=\'0\', msg=\'success\'}');
INSERT INTO `sys_log` VALUES (127, '2019-12-03 13:46:23', '2019-12-03 13:46:23', 'system', '127.0.0.1', 'superadmin', 60, '[{\"roleId\":1,\"authIds\":[3, 4, 5, 6, 30, 31, 14, 15, 16, 17, 32, 8, 9, 10, 11, 12, 33, 34, 35, 36, 43, 44, 45, 46, 47, 48, 49, 50, 51, 52, 53, 54, 55, 56, 57, 58, 59, 60, 61, 62, 63, 64, 65, 66],\"appId\":null,\"appVer\":null,\"clientIp\":\"127.0.0.1\",\"checkSum\":null,\"appVerCode\":0,\"requestTime\":1575351983624,\"reqUserName\":\"superadmin\",\"pageIndex\":1,\"pageSize\":2147483647,\"sortProp\":null,\"ascending\":true,\"requestType\":UPDATE,\"subTag\":0}]', '/api/upms/role/updateAuths/v1', 'UpmsResponse{result=true, status=\'0\', msg=\'success\'}');
INSERT INTO `sys_log` VALUES (128, '2019-12-03 13:48:18', '2019-12-03 13:48:18', 'system', '127.0.0.1', 'superadmin', 58, '[{\"roleId\":1,\"authIds\":[2, 3, 4, 5, 6, 30, 31, 14, 15, 16, 17, 32, 8, 9, 10, 11, 12, 33, 34, 35, 36, 43, 44, 45, 46, 47, 48, 49, 50, 51, 52, 53, 54, 55, 56, 57, 58, 59, 60, 61, 62, 63, 64, 65, 66],\"appId\":null,\"appVer\":null,\"clientIp\":\"127.0.0.1\",\"checkSum\":null,\"appVerCode\":0,\"requestTime\":1575352098245,\"reqUserName\":\"superadmin\",\"pageIndex\":1,\"pageSize\":2147483647,\"sortProp\":null,\"ascending\":true,\"requestType\":UPDATE,\"subTag\":0}]', '/api/upms/role/updateAuths/v1', 'UpmsResponse{result=true, status=\'0\', msg=\'success\'}');
INSERT INTO `sys_log` VALUES (129, '2019-12-03 13:50:15', '2019-12-03 13:50:15', 'system', '127.0.0.1', 'superadmin', 14, '[{\"roleId\":null,\"roleName\":\"upms-only\",\"comments\":\"only for source init\",\"sourceCode\":\"upms\",\"isSuper\":null,\"appId\":null,\"appVer\":null,\"clientIp\":\"127.0.0.1\",\"checkSum\":null,\"appVerCode\":0,\"requestTime\":1575352215958,\"reqUserName\":\"superadmin\",\"pageIndex\":1,\"pageSize\":2147483647,\"sortProp\":null,\"ascending\":true,\"requestType\":CREATE,\"subTag\":0}]', '/api/upms/role/update/v1', 'UpmsResponse{result=true, status=\'0\', msg=\'success\'}');
INSERT INTO `sys_log` VALUES (130, '2019-12-03 13:50:33', '2019-12-03 13:50:33', 'system', '127.0.0.1', 'superadmin', 15, '[{\"roleId\":26,\"authIds\":[2, 3, 4, 5, 6, 30, 31, 14, 15, 16, 17, 32, 8, 9, 10, 11, 12, 33, 34, 35, 36],\"appId\":null,\"appVer\":null,\"clientIp\":\"127.0.0.1\",\"checkSum\":null,\"appVerCode\":0,\"requestTime\":1575352233974,\"reqUserName\":\"superadmin\",\"pageIndex\":1,\"pageSize\":2147483647,\"sortProp\":null,\"ascending\":true,\"requestType\":UPDATE,\"subTag\":0}]', '/api/upms/role/updateAuths/v1', 'UpmsResponse{result=true, status=\'0\', msg=\'success\'}');
INSERT INTO `sys_log` VALUES (131, '2019-12-03 13:51:04', '2019-12-03 13:51:04', 'system', '127.0.0.1', 'superadmin', 24, '[{\"roleId\":26,\"roleName\":\"upms-only\",\"comments\":\"only for user&source manage\",\"sourceCode\":\"upms\",\"isSuper\":null,\"appId\":null,\"appVer\":null,\"clientIp\":\"127.0.0.1\",\"checkSum\":null,\"appVerCode\":0,\"requestTime\":1575352264365,\"reqUserName\":\"superadmin\",\"pageIndex\":1,\"pageSize\":2147483647,\"sortProp\":null,\"ascending\":true,\"requestType\":UPDATE,\"subTag\":0}]', '/api/upms/role/update/v1', 'UpmsResponse{result=true, status=\'0\', msg=\'success\'}');
INSERT INTO `sys_log` VALUES (132, '2019-12-03 13:51:16', '2019-12-03 13:51:16', 'system', '127.0.0.1', 'superadmin', 7, '[{\"userId\":42,\"userName\":null,\"password\":null,\"nickName\":null,\"avatar\":null,\"sex\":null,\"phone\":null,\"email\":null,\"emailVerified\":false,\"state\":0,\"isSuper\":null,\"appId\":null,\"appVer\":null,\"clientIp\":\"127.0.0.1\",\"checkSum\":null,\"appVerCode\":0,\"requestTime\":1575352276306,\"reqUserName\":\"superadmin\",\"pageIndex\":1,\"pageSize\":2147483647,\"sortProp\":null,\"ascending\":true,\"requestType\":UPDATE,\"subTag\":1}]', '/api/upms/user/update/v1', 'UpmsResponse{result=true, status=\'0\', msg=\'success\'}');
INSERT INTO `sys_log` VALUES (133, '2019-12-03 13:51:28', '2019-12-03 13:51:28', 'system', '127.0.0.1', 'superadmin', 12, '[{\"userId\":42,\"userName\":\"ckb\",\"password\":null,\"nickName\":\"upms-normal\",\"avatar\":null,\"sex\":\"male\",\"phone\":\"13691941036\",\"email\":null,\"emailVerified\":false,\"state\":null,\"isSuper\":null,\"appId\":null,\"appVer\":null,\"clientIp\":\"127.0.0.1\",\"checkSum\":null,\"appVerCode\":0,\"requestTime\":1575352288289,\"reqUserName\":\"superadmin\",\"pageIndex\":1,\"pageSize\":2147483647,\"sortProp\":null,\"ascending\":true,\"requestType\":UPDATE,\"subTag\":0}]', '/api/upms/user/update/v1', 'UpmsResponse{result=true, status=\'0\', msg=\'success\'}');
INSERT INTO `sys_log` VALUES (134, '2019-12-03 13:51:53', '2019-12-03 13:51:53', 'system', '127.0.0.1', 'superadmin', 8, '[{\"userId\":42,\"roleIds\":[26],\"appId\":null,\"appVer\":null,\"clientIp\":\"127.0.0.1\",\"checkSum\":null,\"appVerCode\":0,\"requestTime\":1575352313488,\"reqUserName\":\"superadmin\",\"pageIndex\":1,\"pageSize\":2147483647,\"sortProp\":null,\"ascending\":true,\"requestType\":UPDATE,\"subTag\":0}]', '/api/upms/user/updateRoles/v1', 'UpmsResponse{result=true, status=\'0\', msg=\'success\'}');
INSERT INTO `sys_log` VALUES (135, '2019-12-03 13:52:20', '2019-12-03 13:52:20', 'system', '127.0.0.1', 'superadmin', 10, '[{\"userId\":44,\"userName\":\"chengkunbo\",\"password\":null,\"nickName\":\"\",\"avatar\":null,\"sex\":\"female\",\"phone\":\"\",\"email\":null,\"emailVerified\":false,\"state\":null,\"isSuper\":null,\"appId\":null,\"appVer\":null,\"clientIp\":\"127.0.0.1\",\"checkSum\":null,\"appVerCode\":0,\"requestTime\":1575352340528,\"reqUserName\":\"superadmin\",\"pageIndex\":1,\"pageSize\":2147483647,\"sortProp\":null,\"ascending\":true,\"requestType\":UPDATE,\"subTag\":0}]', '/api/upms/user/update/v1', 'UpmsResponse{result=true, status=\'0\', msg=\'success\'}');
INSERT INTO `sys_log` VALUES (136, '2019-12-03 13:52:40', '2019-12-03 13:52:40', 'system', '127.0.0.1', 'superadmin', 18, '[{\"userId\":44,\"roleIds\":[17, 19, 21, 25],\"appId\":null,\"appVer\":null,\"clientIp\":\"127.0.0.1\",\"checkSum\":null,\"appVerCode\":0,\"requestTime\":1575352360720,\"reqUserName\":\"superadmin\",\"pageIndex\":1,\"pageSize\":2147483647,\"sortProp\":null,\"ascending\":true,\"requestType\":UPDATE,\"subTag\":0}]', '/api/upms/user/updateRoles/v1', 'UpmsResponse{result=true, status=\'0\', msg=\'success\'}');
INSERT INTO `sys_log` VALUES (137, '2019-12-03 13:54:03', '2019-12-03 13:54:03', 'system', '127.0.0.1', 'superadmin', 6, '[{\"userId\":42,\"userName\":null,\"password\":\"$2a$04$YH1j3EMcHmy7pRYdgy3lE.w1sW4C8WC/xbcLN4LHuKRk85U4oxAIy\",\"nickName\":null,\"avatar\":null,\"sex\":null,\"phone\":null,\"email\":null,\"emailVerified\":false,\"state\":null,\"isSuper\":null,\"appId\":null,\"appVer\":null,\"clientIp\":\"127.0.0.1\",\"checkSum\":null,\"appVerCode\":0,\"requestTime\":1575352443375,\"reqUserName\":\"superadmin\",\"pageIndex\":1,\"pageSize\":2147483647,\"sortProp\":null,\"ascending\":true,\"requestType\":UPDATE,\"subTag\":2}]', '/api/upms/user/update/v1', 'UpmsResponse{result=true, status=\'0\', msg=\'success\'}');
INSERT INTO `sys_log` VALUES (138, '2019-12-03 13:54:07', '2019-12-03 13:54:07', 'system', '127.0.0.1', 'superadmin', 7, '[{\"userId\":44,\"userName\":null,\"password\":\"$2a$04$78r3Lvp/14sB6EaZVgY4Pea2CE4iKXtzCY6O5o5Jyu3OxTPEC.HgG\",\"nickName\":null,\"avatar\":null,\"sex\":null,\"phone\":null,\"email\":null,\"emailVerified\":false,\"state\":null,\"isSuper\":null,\"appId\":null,\"appVer\":null,\"clientIp\":\"127.0.0.1\",\"checkSum\":null,\"appVerCode\":0,\"requestTime\":1575352447580,\"reqUserName\":\"superadmin\",\"pageIndex\":1,\"pageSize\":2147483647,\"sortProp\":null,\"ascending\":true,\"requestType\":UPDATE,\"subTag\":2}]', '/api/upms/user/update/v1', 'UpmsResponse{result=true, status=\'0\', msg=\'success\'}');
INSERT INTO `sys_log` VALUES (139, '2019-12-03 14:06:42', '2019-12-03 14:06:42', 'system', '127.0.0.1', 'superadmin', 55, '[{\"roleId\":1,\"authIds\":[30, 31, 14, 15, 16, 17, 32, 8, 9, 10, 11, 12, 33, 34, 35, 36, 43, 44, 45, 46, 47, 48, 49, 50, 51, 52, 53, 54, 55, 56, 57, 58, 59, 60, 61, 62, 63, 64, 65, 66],\"appId\":null,\"appVer\":null,\"clientIp\":\"127.0.0.1\",\"checkSum\":null,\"appVerCode\":0,\"requestTime\":1575353202532,\"reqUserName\":\"superadmin\",\"pageIndex\":1,\"pageSize\":2147483647,\"sortProp\":null,\"ascending\":true,\"requestType\":UPDATE,\"subTag\":0}]', '/api/upms/role/updateAuths/v1', 'UpmsResponse{result=true, status=\'0\', msg=\'success\'}');
INSERT INTO `sys_log` VALUES (140, '2019-12-03 14:07:02', '2019-12-03 14:07:02', 'system', '127.0.0.1', 'superadmin', 49, '[{\"roleId\":1,\"authIds\":[2, 3, 4, 5, 6, 30, 31, 14, 15, 16, 17, 32, 8, 9, 10, 11, 12, 33, 34, 35, 36, 43, 44, 45, 46, 47, 48, 49, 50, 51, 52, 53, 54, 55, 56, 57, 58, 59, 60, 61, 62, 63, 64, 65, 66],\"appId\":null,\"appVer\":null,\"clientIp\":\"127.0.0.1\",\"checkSum\":null,\"appVerCode\":0,\"requestTime\":1575353222511,\"reqUserName\":\"superadmin\",\"pageIndex\":1,\"pageSize\":2147483647,\"sortProp\":null,\"ascending\":true,\"requestType\":UPDATE,\"subTag\":0}]', '/api/upms/role/updateAuths/v1', 'UpmsResponse{result=true, status=\'0\', msg=\'success\'}');
INSERT INTO `sys_log` VALUES (141, '2019-12-03 14:09:40', '2019-12-03 14:09:40', 'system', '127.0.0.1', 'superadmin', 14, '[{\"authorityId\":29,\"authorityName\":null,\"authority\":null,\"accessUrl\":null,\"parentId\":null,\"authType\":null,\"orderNumber\":null,\"authIcon\":null,\"sourceCode\":null,\"appId\":null,\"appVer\":null,\"clientIp\":\"127.0.0.1\",\"checkSum\":null,\"appVerCode\":0,\"requestTime\":1575353380204,\"reqUserName\":\"superadmin\",\"pageIndex\":1,\"pageSize\":2147483647,\"sortProp\":null,\"ascending\":true,\"requestType\":DELETE,\"subTag\":0}]', '/api/upms/sysAuthority/delete/v1', 'UpmsResponse{result=true, status=\'0\', msg=\'success\'}');
INSERT INTO `sys_log` VALUES (142, '2019-12-03 14:11:03', '2019-12-03 14:11:03', 'system', '127.0.0.1', 'superadmin', 6, '[{\"sourceCode\":\"adserver\",\"sourceName\":null,\"status\":false,\"appId\":null,\"appVer\":null,\"clientIp\":\"127.0.0.1\",\"checkSum\":null,\"appVerCode\":0,\"requestTime\":1575353463349,\"reqUserName\":\"superadmin\",\"pageIndex\":1,\"pageSize\":2147483647,\"sortProp\":null,\"ascending\":true,\"requestType\":UPDATE,\"subTag\":1}]', '/api/upms/source/update/v1', 'UpmsResponse{result=true, status=\'0\', msg=\'success\'}');
INSERT INTO `sys_log` VALUES (143, '2019-12-03 14:11:07', '2019-12-03 14:11:07', 'system', '127.0.0.1', 'superadmin', 10, '[{\"sourceCode\":\"adserver\",\"sourceName\":null,\"status\":true,\"appId\":null,\"appVer\":null,\"clientIp\":\"127.0.0.1\",\"checkSum\":null,\"appVerCode\":0,\"requestTime\":1575353467665,\"reqUserName\":\"superadmin\",\"pageIndex\":1,\"pageSize\":2147483647,\"sortProp\":null,\"ascending\":true,\"requestType\":UPDATE,\"subTag\":1}]', '/api/upms/source/update/v1', 'UpmsResponse{result=true, status=\'0\', msg=\'success\'}');
INSERT INTO `sys_log` VALUES (144, '2019-12-03 14:11:21', '2019-12-03 14:11:21', 'system', '127.0.0.1', 'superadmin', 7, '[{\"sourceCode\":\"upms\",\"sourceName\":null,\"status\":false,\"appId\":null,\"appVer\":null,\"clientIp\":\"127.0.0.1\",\"checkSum\":null,\"appVerCode\":0,\"requestTime\":1575353481106,\"reqUserName\":\"superadmin\",\"pageIndex\":1,\"pageSize\":2147483647,\"sortProp\":null,\"ascending\":true,\"requestType\":UPDATE,\"subTag\":1}]', '/api/upms/source/update/v1', 'UpmsResponse{result=true, status=\'0\', msg=\'success\'}');
INSERT INTO `sys_log` VALUES (145, '2019-12-03 14:35:22', '2019-12-03 14:35:22', 'system', '127.0.0.1', 'superadmin', 37, '[{\"sourceCode\":\"upms\",\"sourceName\":null,\"status\":false,\"appId\":null,\"appVer\":null,\"clientIp\":\"127.0.0.1\",\"checkSum\":null,\"appVerCode\":0,\"requestTime\":1575354922672,\"reqUserName\":\"superadmin\",\"pageIndex\":1,\"pageSize\":2147483647,\"sortProp\":null,\"ascending\":true,\"requestType\":UPDATE,\"subTag\":1}]', '/api/upms/source/update/v1', 'UpmsResponse{result=true, status=\'0\', msg=\'success\'}');
INSERT INTO `sys_log` VALUES (146, '2019-12-03 14:35:25', '2019-12-03 14:35:25', 'system', '127.0.0.1', 'superadmin', 9, '[{\"sourceCode\":\"upms\",\"sourceName\":null,\"status\":true,\"appId\":null,\"appVer\":null,\"clientIp\":\"127.0.0.1\",\"checkSum\":null,\"appVerCode\":0,\"requestTime\":1575354925010,\"reqUserName\":\"superadmin\",\"pageIndex\":1,\"pageSize\":2147483647,\"sortProp\":null,\"ascending\":true,\"requestType\":UPDATE,\"subTag\":1}]', '/api/upms/source/update/v1', 'UpmsResponse{result=true, status=\'0\', msg=\'success\'}');
INSERT INTO `sys_log` VALUES (147, '2019-12-03 14:35:49', '2019-12-03 14:35:49', 'system', '127.0.0.1', 'superadmin', 13, '[{\"userId\":42,\"userName\":null,\"password\":null,\"nickName\":null,\"avatar\":null,\"sex\":null,\"phone\":null,\"email\":null,\"emailVerified\":false,\"state\":null,\"isSuper\":null,\"appId\":null,\"appVer\":null,\"clientIp\":\"127.0.0.1\",\"checkSum\":null,\"appVerCode\":0,\"requestTime\":1575354949275,\"reqUserName\":\"superadmin\",\"pageIndex\":1,\"pageSize\":2147483647,\"sortProp\":null,\"ascending\":true,\"requestType\":DELETE,\"subTag\":0}]', '/api/upms/user/delete/v1', 'UpmsResponse{result=true, status=\'0\', msg=\'success\'}');
INSERT INTO `sys_log` VALUES (148, '2019-12-03 14:35:53', '2019-12-03 14:35:53', 'system', '127.0.0.1', 'superadmin', 12, '[{\"userId\":44,\"userName\":null,\"password\":null,\"nickName\":null,\"avatar\":null,\"sex\":null,\"phone\":null,\"email\":null,\"emailVerified\":false,\"state\":null,\"isSuper\":null,\"appId\":null,\"appVer\":null,\"clientIp\":\"127.0.0.1\",\"checkSum\":null,\"appVerCode\":0,\"requestTime\":1575354953443,\"reqUserName\":\"superadmin\",\"pageIndex\":1,\"pageSize\":2147483647,\"sortProp\":null,\"ascending\":true,\"requestType\":DELETE,\"subTag\":0}]', '/api/upms/user/delete/v1', 'UpmsResponse{result=true, status=\'0\', msg=\'success\'}');
INSERT INTO `sys_log` VALUES (149, '2019-12-03 14:37:31', '2019-12-03 14:37:31', 'system', '127.0.0.1', 'superadmin', 16, '[{\"userId\":null,\"userName\":\"upms_user\",\"password\":\"$2a$04$f.wXX4WiDKObr7dkK1iGtunDr.HVnlfsjfqmhqCcmVCLEqSiyGI3K\",\"nickName\":\"\",\"avatar\":null,\"sex\":\"female\",\"phone\":\"\",\"email\":null,\"emailVerified\":false,\"state\":null,\"isSuper\":null,\"appId\":null,\"appVer\":null,\"clientIp\":\"127.0.0.1\",\"checkSum\":null,\"appVerCode\":0,\"requestTime\":1575355051946,\"reqUserName\":\"superadmin\",\"pageIndex\":1,\"pageSize\":2147483647,\"sortProp\":null,\"ascending\":true,\"requestType\":CREATE,\"subTag\":0}]', '/api/upms/user/update/v1', 'UpmsResponse{result=true, status=\'0\', msg=\'success\'}');
INSERT INTO `sys_log` VALUES (150, '2019-12-03 14:38:05', '2019-12-03 14:38:05', 'system', '127.0.0.1', 'superadmin', 13, '[{\"userId\":45,\"roleIds\":[26],\"appId\":null,\"appVer\":null,\"clientIp\":\"127.0.0.1\",\"checkSum\":null,\"appVerCode\":0,\"requestTime\":1575355085943,\"reqUserName\":\"superadmin\",\"pageIndex\":1,\"pageSize\":2147483647,\"sortProp\":null,\"ascending\":true,\"requestType\":UPDATE,\"subTag\":0}]', '/api/upms/user/updateRoles/v1', 'UpmsResponse{result=true, status=\'0\', msg=\'success\'}');
INSERT INTO `sys_log` VALUES (151, '2019-12-03 14:40:02', '2019-12-03 14:40:02', 'system', '127.0.0.1', 'superadmin', 25, '[{\"userId\":null,\"userName\":\"business_user\",\"password\":\"$2a$04$EMCtzS45YtNcpNKxLDG3lOpz12ooz4EEjWpJvYYUIZwFVT9PZj5ga\",\"nickName\":\"\",\"avatar\":null,\"sex\":\"male\",\"phone\":\"13513135313\",\"email\":null,\"emailVerified\":false,\"state\":null,\"isSuper\":null,\"appId\":null,\"appVer\":null,\"clientIp\":\"127.0.0.1\",\"checkSum\":null,\"appVerCode\":0,\"requestTime\":1575355202111,\"reqUserName\":\"superadmin\",\"pageIndex\":1,\"pageSize\":2147483647,\"sortProp\":null,\"ascending\":true,\"requestType\":CREATE,\"subTag\":0}]', '/api/upms/user/update/v1', 'UpmsResponse{result=true, status=\'0\', msg=\'success\'}');
INSERT INTO `sys_log` VALUES (152, '2019-12-03 14:40:22', '2019-12-03 14:40:22', 'system', '127.0.0.1', 'superadmin', 10, '[{\"userId\":46,\"userName\":null,\"password\":null,\"nickName\":null,\"avatar\":null,\"sex\":null,\"phone\":null,\"email\":null,\"emailVerified\":false,\"state\":null,\"isSuper\":null,\"appId\":null,\"appVer\":null,\"clientIp\":\"127.0.0.1\",\"checkSum\":null,\"appVerCode\":0,\"requestTime\":1575355222624,\"reqUserName\":\"superadmin\",\"pageIndex\":1,\"pageSize\":2147483647,\"sortProp\":null,\"ascending\":true,\"requestType\":DELETE,\"subTag\":0}]', '/api/upms/user/delete/v1', 'UpmsResponse{result=true, status=\'0\', msg=\'success\'}');
INSERT INTO `sys_log` VALUES (153, '2019-12-03 14:40:46', '2019-12-03 14:40:46', 'system', '127.0.0.1', 'superadmin', 8, '[{\"userId\":null,\"userName\":\"adv_user\",\"password\":\"$2a$04$0TeXD5Lo2EMZFjidE28Tp.NlevAZvOFZube7ZZHRzcb/8jt8xgBtK\",\"nickName\":\"\",\"avatar\":null,\"sex\":\"male\",\"phone\":\"\",\"email\":null,\"emailVerified\":false,\"state\":null,\"isSuper\":null,\"appId\":null,\"appVer\":null,\"clientIp\":\"127.0.0.1\",\"checkSum\":null,\"appVerCode\":0,\"requestTime\":1575355246105,\"reqUserName\":\"superadmin\",\"pageIndex\":1,\"pageSize\":2147483647,\"sortProp\":null,\"ascending\":true,\"requestType\":CREATE,\"subTag\":0}]', '/api/upms/user/update/v1', 'UpmsResponse{result=true, status=\'0\', msg=\'success\'}');
INSERT INTO `sys_log` VALUES (154, '2019-12-03 14:41:08', '2019-12-03 14:41:08', 'system', '127.0.0.1', 'superadmin', 10, '[{\"userId\":47,\"roleIds\":[25, 19],\"appId\":null,\"appVer\":null,\"clientIp\":\"127.0.0.1\",\"checkSum\":null,\"appVerCode\":0,\"requestTime\":1575355268824,\"reqUserName\":\"superadmin\",\"pageIndex\":1,\"pageSize\":2147483647,\"sortProp\":null,\"ascending\":true,\"requestType\":UPDATE,\"subTag\":0}]', '/api/upms/user/updateRoles/v1', 'UpmsResponse{result=true, status=\'0\', msg=\'success\'}');
INSERT INTO `sys_log` VALUES (155, '2019-12-03 14:41:55', '2019-12-03 14:41:55', 'system', '127.0.0.1', 'superadmin', 10, '[{\"userId\":47,\"userName\":null,\"password\":null,\"nickName\":null,\"avatar\":null,\"sex\":null,\"phone\":null,\"email\":null,\"emailVerified\":false,\"state\":null,\"isSuper\":null,\"appId\":null,\"appVer\":null,\"clientIp\":\"127.0.0.1\",\"checkSum\":null,\"appVerCode\":0,\"requestTime\":1575355315370,\"reqUserName\":\"superadmin\",\"pageIndex\":1,\"pageSize\":2147483647,\"sortProp\":null,\"ascending\":true,\"requestType\":DELETE,\"subTag\":0}]', '/api/upms/user/delete/v1', 'UpmsResponse{result=true, status=\'0\', msg=\'success\'}');
INSERT INTO `sys_log` VALUES (156, '2019-12-03 14:42:12', '2019-12-03 14:42:12', 'system', '127.0.0.1', 'superadmin', 7, '[{\"userId\":null,\"userName\":\"adv_business\",\"password\":\"$2a$04$pRjyhjVUJ3KVXueXePmzr.1ZuLEOoiDzdW3aFNw6PxzpCnnPbhAcW\",\"nickName\":\"\",\"avatar\":null,\"sex\":\"male\",\"phone\":\"\",\"email\":null,\"emailVerified\":false,\"state\":null,\"isSuper\":null,\"appId\":null,\"appVer\":null,\"clientIp\":\"127.0.0.1\",\"checkSum\":null,\"appVerCode\":0,\"requestTime\":1575355332038,\"reqUserName\":\"superadmin\",\"pageIndex\":1,\"pageSize\":2147483647,\"sortProp\":null,\"ascending\":true,\"requestType\":CREATE,\"subTag\":0}]', '/api/upms/user/update/v1', 'UpmsResponse{result=true, status=\'0\', msg=\'success\'}');
INSERT INTO `sys_log` VALUES (157, '2019-12-03 14:42:19', '2019-12-03 14:42:19', 'system', '127.0.0.1', 'superadmin', 12, '[{\"userId\":48,\"roleIds\":[19],\"appId\":null,\"appVer\":null,\"clientIp\":\"127.0.0.1\",\"checkSum\":null,\"appVerCode\":0,\"requestTime\":1575355339043,\"reqUserName\":\"superadmin\",\"pageIndex\":1,\"pageSize\":2147483647,\"sortProp\":null,\"ascending\":true,\"requestType\":UPDATE,\"subTag\":0}]', '/api/upms/user/updateRoles/v1', 'UpmsResponse{result=true, status=\'0\', msg=\'success\'}');
INSERT INTO `sys_log` VALUES (158, '2019-12-03 14:43:21', '2019-12-03 14:43:21', 'system', '127.0.0.1', 'superadmin', 140, '[{\"userId\":45,\"userName\":null,\"password\":null,\"nickName\":null,\"avatar\":null,\"sex\":null,\"phone\":null,\"email\":null,\"emailVerified\":false,\"state\":null,\"isSuper\":null,\"appId\":null,\"appVer\":null,\"clientIp\":\"127.0.0.1\",\"checkSum\":null,\"appVerCode\":0,\"requestTime\":1575355401376,\"reqUserName\":\"superadmin\",\"pageIndex\":1,\"pageSize\":2147483647,\"sortProp\":null,\"ascending\":true,\"requestType\":DELETE,\"subTag\":0}]', '/api/upms/user/delete/v1', 'UpmsResponse{result=true, status=\'0\', msg=\'success\'}');
INSERT INTO `sys_log` VALUES (159, '2019-12-03 14:43:23', '2019-12-03 14:43:23', 'system', '127.0.0.1', 'superadmin', 9, '[{\"userId\":48,\"userName\":null,\"password\":null,\"nickName\":null,\"avatar\":null,\"sex\":null,\"phone\":null,\"email\":null,\"emailVerified\":false,\"state\":null,\"isSuper\":null,\"appId\":null,\"appVer\":null,\"clientIp\":\"127.0.0.1\",\"checkSum\":null,\"appVerCode\":0,\"requestTime\":1575355403282,\"reqUserName\":\"superadmin\",\"pageIndex\":1,\"pageSize\":2147483647,\"sortProp\":null,\"ascending\":true,\"requestType\":DELETE,\"subTag\":0}]', '/api/upms/user/delete/v1', 'UpmsResponse{result=true, status=\'0\', msg=\'success\'}');
INSERT INTO `sys_log` VALUES (160, '2019-12-03 14:43:53', '2019-12-03 14:43:53', 'system', '127.0.0.1', 'superadmin', 9, '[{\"userId\":null,\"userName\":\"upms_only\",\"password\":\"$2a$04$9zByS7mWW4hDuQRimM8Ka.rBilKPjtGrFMX.Od3wXt.mZXZkh74.y\",\"nickName\":\"test\",\"avatar\":null,\"sex\":\"male\",\"phone\":\"13333333333\",\"email\":null,\"emailVerified\":false,\"state\":null,\"isSuper\":null,\"appId\":null,\"appVer\":null,\"clientIp\":\"127.0.0.1\",\"checkSum\":null,\"appVerCode\":0,\"requestTime\":1575355433949,\"reqUserName\":\"superadmin\",\"pageIndex\":1,\"pageSize\":2147483647,\"sortProp\":null,\"ascending\":true,\"requestType\":CREATE,\"subTag\":0}]', '/api/upms/user/update/v1', 'UpmsResponse{result=true, status=\'0\', msg=\'success\'}');
INSERT INTO `sys_log` VALUES (161, '2019-12-03 14:44:05', '2019-12-03 14:44:05', 'system', '127.0.0.1', 'superadmin', 9, '[{\"userId\":49,\"roleIds\":[26],\"appId\":null,\"appVer\":null,\"clientIp\":\"127.0.0.1\",\"checkSum\":null,\"appVerCode\":0,\"requestTime\":1575355444991,\"reqUserName\":\"superadmin\",\"pageIndex\":1,\"pageSize\":2147483647,\"sortProp\":null,\"ascending\":true,\"requestType\":UPDATE,\"subTag\":0}]', '/api/upms/user/updateRoles/v1', 'UpmsResponse{result=true, status=\'0\', msg=\'success\'}');
INSERT INTO `sys_log` VALUES (162, '2019-12-03 14:44:09', '2019-12-03 14:44:09', 'system', '127.0.0.1', 'superadmin', 8, '[{\"userId\":49,\"userName\":null,\"password\":null,\"nickName\":null,\"avatar\":null,\"sex\":null,\"phone\":null,\"email\":null,\"emailVerified\":false,\"state\":null,\"isSuper\":null,\"appId\":null,\"appVer\":null,\"clientIp\":\"127.0.0.1\",\"checkSum\":null,\"appVerCode\":0,\"requestTime\":1575355449049,\"reqUserName\":\"superadmin\",\"pageIndex\":1,\"pageSize\":2147483647,\"sortProp\":null,\"ascending\":true,\"requestType\":DELETE,\"subTag\":0}]', '/api/upms/user/delete/v1', 'UpmsResponse{result=true, status=\'0\', msg=\'success\'}');
INSERT INTO `sys_log` VALUES (163, '2019-12-03 14:44:22', '2019-12-03 14:44:22', 'system', '127.0.0.1', 'superadmin', 11, '[{\"userId\":null,\"userName\":\"upms_user\",\"password\":\"$2a$04$pNWOnbonIoeZUZ/a8IDDbOA.AIY8kIM/ZeyZFAl2mLjShKQuaW.Cm\",\"nickName\":\"\",\"avatar\":null,\"sex\":\"female\",\"phone\":\"13333333333\",\"email\":null,\"emailVerified\":false,\"state\":null,\"isSuper\":null,\"appId\":null,\"appVer\":null,\"clientIp\":\"127.0.0.1\",\"checkSum\":null,\"appVerCode\":0,\"requestTime\":1575355461995,\"reqUserName\":\"superadmin\",\"pageIndex\":1,\"pageSize\":2147483647,\"sortProp\":null,\"ascending\":true,\"requestType\":CREATE,\"subTag\":0}]', '/api/upms/user/update/v1', 'UpmsResponse{result=true, status=\'0\', msg=\'success\'}');
INSERT INTO `sys_log` VALUES (164, '2019-12-03 14:44:27', '2019-12-03 14:44:27', 'system', '127.0.0.1', 'superadmin', 8, '[{\"userId\":50,\"roleIds\":[26],\"appId\":null,\"appVer\":null,\"clientIp\":\"127.0.0.1\",\"checkSum\":null,\"appVerCode\":0,\"requestTime\":1575355467040,\"reqUserName\":\"superadmin\",\"pageIndex\":1,\"pageSize\":2147483647,\"sortProp\":null,\"ascending\":true,\"requestType\":UPDATE,\"subTag\":0}]', '/api/upms/user/updateRoles/v1', 'UpmsResponse{result=true, status=\'0\', msg=\'success\'}');
INSERT INTO `sys_log` VALUES (165, '2019-12-03 14:45:09', '2019-12-03 14:45:09', 'system', '127.0.0.1', 'superadmin', 13, '[{\"userId\":null,\"userName\":\"adv_sys\",\"password\":\"$2a$04$npBUyCqWuVgyAU01TIUpye6hVA3xW9Wo5/hst4IbH9CsDRdhyBZyK\",\"nickName\":\"jack ma\",\"avatar\":null,\"sex\":\"male\",\"phone\":\"\",\"email\":null,\"emailVerified\":false,\"state\":null,\"isSuper\":null,\"appId\":null,\"appVer\":null,\"clientIp\":\"127.0.0.1\",\"checkSum\":null,\"appVerCode\":0,\"requestTime\":1575355509559,\"reqUserName\":\"superadmin\",\"pageIndex\":1,\"pageSize\":2147483647,\"sortProp\":null,\"ascending\":true,\"requestType\":CREATE,\"subTag\":0}]', '/api/upms/user/update/v1', 'UpmsResponse{result=true, status=\'0\', msg=\'success\'}');
INSERT INTO `sys_log` VALUES (166, '2019-12-03 14:45:17', '2019-12-03 14:45:17', 'system', '127.0.0.1', 'superadmin', 29, '[{\"userId\":51,\"roleIds\":[19],\"appId\":null,\"appVer\":null,\"clientIp\":\"127.0.0.1\",\"checkSum\":null,\"appVerCode\":0,\"requestTime\":1575355517810,\"reqUserName\":\"superadmin\",\"pageIndex\":1,\"pageSize\":2147483647,\"sortProp\":null,\"ascending\":true,\"requestType\":UPDATE,\"subTag\":0}]', '/api/upms/user/updateRoles/v1', 'UpmsResponse{result=true, status=\'0\', msg=\'success\'}');
INSERT INTO `sys_log` VALUES (167, '2019-12-03 14:45:46', '2019-12-03 14:45:46', 'system', '127.0.0.1', 'superadmin', 12, '[{\"userId\":null,\"userName\":\"all_sys\",\"password\":\"$2a$04$8Efb198ozHV5jc5yyj9YSOQ4WogtpCz.m3tk1/hQK82shpaALDD9W\",\"nickName\":\"\",\"avatar\":null,\"sex\":\"male\",\"phone\":\"\",\"email\":null,\"emailVerified\":false,\"state\":null,\"isSuper\":null,\"appId\":null,\"appVer\":null,\"clientIp\":\"127.0.0.1\",\"checkSum\":null,\"appVerCode\":0,\"requestTime\":1575355546613,\"reqUserName\":\"superadmin\",\"pageIndex\":1,\"pageSize\":2147483647,\"sortProp\":null,\"ascending\":true,\"requestType\":CREATE,\"subTag\":0}]', '/api/upms/user/update/v1', 'UpmsResponse{result=true, status=\'0\', msg=\'success\'}');
INSERT INTO `sys_log` VALUES (168, '2019-12-03 14:45:51', '2019-12-03 14:45:51', 'system', '127.0.0.1', 'superadmin', 8, '[{\"userId\":52,\"userName\":null,\"password\":null,\"nickName\":null,\"avatar\":null,\"sex\":null,\"phone\":null,\"email\":null,\"emailVerified\":false,\"state\":null,\"isSuper\":null,\"appId\":null,\"appVer\":null,\"clientIp\":\"127.0.0.1\",\"checkSum\":null,\"appVerCode\":0,\"requestTime\":1575355551624,\"reqUserName\":\"superadmin\",\"pageIndex\":1,\"pageSize\":2147483647,\"sortProp\":null,\"ascending\":true,\"requestType\":DELETE,\"subTag\":0}]', '/api/upms/user/delete/v1', 'UpmsResponse{result=true, status=\'0\', msg=\'success\'}');
INSERT INTO `sys_log` VALUES (169, '2019-12-03 14:46:30', '2019-12-03 14:46:30', 'system', '127.0.0.1', 'superadmin', 8, '[{\"userId\":null,\"userName\":\"all_business\",\"password\":\"$2a$04$Z9PNyNBub0mNrICUT8MSM.mqUQB4Owp6mn/C/XuulW8e/H0YBvq8u\",\"nickName\":\"hard man\",\"avatar\":null,\"sex\":\"male\",\"phone\":\"\",\"email\":null,\"emailVerified\":false,\"state\":null,\"isSuper\":null,\"appId\":null,\"appVer\":null,\"clientIp\":\"127.0.0.1\",\"checkSum\":null,\"appVerCode\":0,\"requestTime\":1575355590325,\"reqUserName\":\"superadmin\",\"pageIndex\":1,\"pageSize\":2147483647,\"sortProp\":null,\"ascending\":true,\"requestType\":CREATE,\"subTag\":0}]', '/api/upms/user/update/v1', 'UpmsResponse{result=true, status=\'0\', msg=\'success\'}');
INSERT INTO `sys_log` VALUES (170, '2019-12-03 14:46:46', '2019-12-03 14:46:46', 'system', '127.0.0.1', 'superadmin', 16, '[{\"userId\":53,\"roleIds\":[17, 19, 21, 25],\"appId\":null,\"appVer\":null,\"clientIp\":\"127.0.0.1\",\"checkSum\":null,\"appVerCode\":0,\"requestTime\":1575355606174,\"reqUserName\":\"superadmin\",\"pageIndex\":1,\"pageSize\":2147483647,\"sortProp\":null,\"ascending\":true,\"requestType\":UPDATE,\"subTag\":0}]', '/api/upms/user/updateRoles/v1', 'UpmsResponse{result=true, status=\'0\', msg=\'success\'}');

-- ----------------------------
-- Table structure for sys_role
-- ----------------------------
DROP TABLE IF EXISTS `sys_role`;
CREATE TABLE `sys_role`  (
  `role_id` int(11) NOT NULL AUTO_INCREMENT,
  `create_time` timestamp(0) NOT NULL DEFAULT CURRENT_TIMESTAMP,
  `last_modify_time` timestamp(0) NOT NULL DEFAULT CURRENT_TIMESTAMP ON UPDATE CURRENT_TIMESTAMP(0),
  `last_modify_user` varchar(64) CHARACTER SET utf8mb4 COLLATE utf8mb4_general_ci NULL DEFAULT '',
  `comments` varchar(100) CHARACTER SET utf8mb4 COLLATE utf8mb4_general_ci NULL DEFAULT NULL,
  `role_name` varchar(20) CHARACTER SET utf8mb4 COLLATE utf8mb4_general_ci NULL DEFAULT NULL,
  `source_code` varchar(32) CHARACTER SET utf8mb4 COLLATE utf8mb4_general_ci NULL DEFAULT NULL,
  `is_super` bit(1) NULL DEFAULT NULL,
  PRIMARY KEY (`role_id`) USING BTREE
) ENGINE = InnoDB AUTO_INCREMENT = 27 CHARACTER SET = utf8mb4 COLLATE = utf8mb4_general_ci ROW_FORMAT = Compact;

-- ----------------------------
-- Records of sys_role
-- ----------------------------
INSERT INTO `sys_role` VALUES (1, '2019-08-20 15:19:02', '2019-12-02 18:06:15', 'system', 'super admin,ownership of all rights....', 'superrole', 'upms', b'1');
INSERT INTO `sys_role` VALUES (17, '2019-12-02 15:29:55', '2019-12-02 18:06:17', 'system', 'superadmin of common,created by system when source is initializing', 'superrole', 'common', b'1');
INSERT INTO `sys_role` VALUES (19, '2019-12-02 15:53:52', '2019-12-02 18:06:23', 'system', 'superadmin of adserver,created by system when source is initializing', 'superrole', 'adserver', b'1');
INSERT INTO `sys_role` VALUES (21, '2019-12-02 16:58:11', '2019-12-02 16:58:11', 'superadmin', 'for common', 'upms-common', 'upms', b'0');
INSERT INTO `sys_role` VALUES (25, '2019-12-02 18:31:00', '2019-12-02 18:31:00', 'superadmin', '', 'upms-adv', 'upms', b'0');
INSERT INTO `sys_role` VALUES (26, '2019-12-03 13:50:15', '2019-12-03 13:51:04', 'superadmin', 'only for user&source manage', 'upms-only', 'upms', b'0');

-- ----------------------------
-- Table structure for sys_role_authorities
-- ----------------------------
DROP TABLE IF EXISTS `sys_role_authorities`;
CREATE TABLE `sys_role_authorities`  (
  `id` int(11) NOT NULL AUTO_INCREMENT,
  `create_time` timestamp(0) NOT NULL DEFAULT CURRENT_TIMESTAMP,
  `last_modify_time` timestamp(0) NOT NULL DEFAULT CURRENT_TIMESTAMP ON UPDATE CURRENT_TIMESTAMP(0),
  `last_modify_user` varchar(64) CHARACTER SET utf8mb4 COLLATE utf8mb4_general_ci NULL DEFAULT '',
  `authority_id` int(11) NULL DEFAULT NULL,
  `role_id` int(11) NULL DEFAULT NULL,
  PRIMARY KEY (`id`) USING BTREE
) ENGINE = InnoDB AUTO_INCREMENT = 1297 CHARACTER SET = utf8mb4 COLLATE = utf8mb4_general_ci ROW_FORMAT = Compact;

-- ----------------------------
-- Records of sys_role_authorities
-- ----------------------------
INSERT INTO `sys_role_authorities` VALUES (943, '2019-12-02 15:47:54', '2019-12-02 15:47:54', 'superadmin', 23, 17);
INSERT INTO `sys_role_authorities` VALUES (944, '2019-12-02 15:47:54', '2019-12-02 15:47:54', 'superadmin', 24, 17);
INSERT INTO `sys_role_authorities` VALUES (945, '2019-12-02 15:47:54', '2019-12-02 15:47:54', 'superadmin', 25, 17);
INSERT INTO `sys_role_authorities` VALUES (946, '2019-12-02 15:47:54', '2019-12-02 15:47:54', 'superadmin', 26, 17);
INSERT INTO `sys_role_authorities` VALUES (947, '2019-12-02 15:47:54', '2019-12-02 15:47:54', 'superadmin', 27, 17);
INSERT INTO `sys_role_authorities` VALUES (948, '2019-12-02 15:47:54', '2019-12-02 15:47:54', 'superadmin', 28, 17);
INSERT INTO `sys_role_authorities` VALUES (1013, '2019-12-02 17:59:44', '2019-12-02 17:59:44', 'superadmin', 43, 21);
INSERT INTO `sys_role_authorities` VALUES (1014, '2019-12-02 17:59:44', '2019-12-02 17:59:44', 'superadmin', 44, 21);
INSERT INTO `sys_role_authorities` VALUES (1015, '2019-12-02 17:59:44', '2019-12-02 17:59:44', 'superadmin', 45, 21);
INSERT INTO `sys_role_authorities` VALUES (1016, '2019-12-02 17:59:44', '2019-12-02 17:59:44', 'superadmin', 46, 21);
INSERT INTO `sys_role_authorities` VALUES (1017, '2019-12-02 17:59:44', '2019-12-02 17:59:44', 'superadmin', 47, 21);
INSERT INTO `sys_role_authorities` VALUES (1018, '2019-12-02 17:59:44', '2019-12-02 17:59:44', 'superadmin', 48, 21);
INSERT INTO `sys_role_authorities` VALUES (1019, '2019-12-02 17:59:44', '2019-12-02 17:59:44', 'superadmin', 49, 21);
INSERT INTO `sys_role_authorities` VALUES (1020, '2019-12-02 17:59:44', '2019-12-02 17:59:44', 'superadmin', 50, 21);
INSERT INTO `sys_role_authorities` VALUES (1021, '2019-12-02 17:59:44', '2019-12-02 17:59:44', 'superadmin', 51, 21);
INSERT INTO `sys_role_authorities` VALUES (1022, '2019-12-02 17:59:44', '2019-12-02 17:59:44', 'superadmin', 52, 21);
INSERT INTO `sys_role_authorities` VALUES (1023, '2019-12-02 17:59:44', '2019-12-02 17:59:44', 'superadmin', 53, 21);
INSERT INTO `sys_role_authorities` VALUES (1024, '2019-12-02 17:59:44', '2019-12-02 17:59:44', 'superadmin', 54, 21);
INSERT INTO `sys_role_authorities` VALUES (1070, '2019-12-02 18:31:11', '2019-12-02 18:31:11', 'superadmin', 55, 25);
INSERT INTO `sys_role_authorities` VALUES (1071, '2019-12-02 18:31:11', '2019-12-02 18:31:11', 'superadmin', 56, 25);
INSERT INTO `sys_role_authorities` VALUES (1072, '2019-12-02 18:31:11', '2019-12-02 18:31:11', 'superadmin', 57, 25);
INSERT INTO `sys_role_authorities` VALUES (1073, '2019-12-02 18:31:11', '2019-12-02 18:31:11', 'superadmin', 58, 25);
INSERT INTO `sys_role_authorities` VALUES (1074, '2019-12-02 18:31:11', '2019-12-02 18:31:11', 'superadmin', 59, 25);
INSERT INTO `sys_role_authorities` VALUES (1075, '2019-12-02 18:31:11', '2019-12-02 18:31:11', 'superadmin', 60, 25);
INSERT INTO `sys_role_authorities` VALUES (1076, '2019-12-02 18:31:11', '2019-12-02 18:31:11', 'superadmin', 61, 25);
INSERT INTO `sys_role_authorities` VALUES (1077, '2019-12-02 18:31:11', '2019-12-02 18:31:11', 'superadmin', 62, 25);
INSERT INTO `sys_role_authorities` VALUES (1078, '2019-12-02 18:31:11', '2019-12-02 18:31:11', 'superadmin', 63, 25);
INSERT INTO `sys_role_authorities` VALUES (1079, '2019-12-02 18:31:11', '2019-12-02 18:31:11', 'superadmin', 64, 25);
INSERT INTO `sys_role_authorities` VALUES (1080, '2019-12-02 18:31:11', '2019-12-02 18:31:11', 'superadmin', 65, 25);
INSERT INTO `sys_role_authorities` VALUES (1081, '2019-12-02 18:31:11', '2019-12-02 18:31:11', 'superadmin', 66, 25);
INSERT INTO `sys_role_authorities` VALUES (1191, '2019-12-03 13:50:33', '2019-12-03 13:50:33', 'superadmin', 2, 26);
INSERT INTO `sys_role_authorities` VALUES (1192, '2019-12-03 13:50:33', '2019-12-03 13:50:33', 'superadmin', 3, 26);
INSERT INTO `sys_role_authorities` VALUES (1193, '2019-12-03 13:50:33', '2019-12-03 13:50:33', 'superadmin', 4, 26);
INSERT INTO `sys_role_authorities` VALUES (1194, '2019-12-03 13:50:33', '2019-12-03 13:50:33', 'superadmin', 5, 26);
INSERT INTO `sys_role_authorities` VALUES (1195, '2019-12-03 13:50:33', '2019-12-03 13:50:33', 'superadmin', 6, 26);
INSERT INTO `sys_role_authorities` VALUES (1196, '2019-12-03 13:50:33', '2019-12-03 13:50:33', 'superadmin', 30, 26);
INSERT INTO `sys_role_authorities` VALUES (1197, '2019-12-03 13:50:33', '2019-12-03 13:50:33', 'superadmin', 31, 26);
INSERT INTO `sys_role_authorities` VALUES (1198, '2019-12-03 13:50:33', '2019-12-03 13:50:33', 'superadmin', 14, 26);
INSERT INTO `sys_role_authorities` VALUES (1199, '2019-12-03 13:50:33', '2019-12-03 13:50:33', 'superadmin', 15, 26);
INSERT INTO `sys_role_authorities` VALUES (1200, '2019-12-03 13:50:33', '2019-12-03 13:50:33', 'superadmin', 16, 26);
INSERT INTO `sys_role_authorities` VALUES (1201, '2019-12-03 13:50:33', '2019-12-03 13:50:33', 'superadmin', 17, 26);
INSERT INTO `sys_role_authorities` VALUES (1202, '2019-12-03 13:50:33', '2019-12-03 13:50:33', 'superadmin', 32, 26);
INSERT INTO `sys_role_authorities` VALUES (1203, '2019-12-03 13:50:33', '2019-12-03 13:50:33', 'superadmin', 8, 26);
INSERT INTO `sys_role_authorities` VALUES (1204, '2019-12-03 13:50:33', '2019-12-03 13:50:33', 'superadmin', 9, 26);
INSERT INTO `sys_role_authorities` VALUES (1205, '2019-12-03 13:50:33', '2019-12-03 13:50:33', 'superadmin', 10, 26);
INSERT INTO `sys_role_authorities` VALUES (1206, '2019-12-03 13:50:33', '2019-12-03 13:50:33', 'superadmin', 11, 26);
INSERT INTO `sys_role_authorities` VALUES (1207, '2019-12-03 13:50:33', '2019-12-03 13:50:33', 'superadmin', 12, 26);
INSERT INTO `sys_role_authorities` VALUES (1208, '2019-12-03 13:50:33', '2019-12-03 13:50:33', 'superadmin', 33, 26);
INSERT INTO `sys_role_authorities` VALUES (1209, '2019-12-03 13:50:33', '2019-12-03 13:50:33', 'superadmin', 34, 26);
INSERT INTO `sys_role_authorities` VALUES (1210, '2019-12-03 13:50:33', '2019-12-03 13:50:33', 'superadmin', 35, 26);
INSERT INTO `sys_role_authorities` VALUES (1211, '2019-12-03 13:50:33', '2019-12-03 13:50:33', 'superadmin', 36, 26);
INSERT INTO `sys_role_authorities` VALUES (1252, '2019-12-03 14:07:02', '2019-12-03 14:07:02', 'superadmin', 2, 1);
INSERT INTO `sys_role_authorities` VALUES (1253, '2019-12-03 14:07:02', '2019-12-03 14:07:02', 'superadmin', 3, 1);
INSERT INTO `sys_role_authorities` VALUES (1254, '2019-12-03 14:07:02', '2019-12-03 14:07:02', 'superadmin', 4, 1);
INSERT INTO `sys_role_authorities` VALUES (1255, '2019-12-03 14:07:02', '2019-12-03 14:07:02', 'superadmin', 5, 1);
INSERT INTO `sys_role_authorities` VALUES (1256, '2019-12-03 14:07:02', '2019-12-03 14:07:02', 'superadmin', 6, 1);
INSERT INTO `sys_role_authorities` VALUES (1257, '2019-12-03 14:07:02', '2019-12-03 14:07:02', 'superadmin', 30, 1);
INSERT INTO `sys_role_authorities` VALUES (1258, '2019-12-03 14:07:02', '2019-12-03 14:07:02', 'superadmin', 31, 1);
INSERT INTO `sys_role_authorities` VALUES (1259, '2019-12-03 14:07:02', '2019-12-03 14:07:02', 'superadmin', 14, 1);
INSERT INTO `sys_role_authorities` VALUES (1260, '2019-12-03 14:07:02', '2019-12-03 14:07:02', 'superadmin', 15, 1);
INSERT INTO `sys_role_authorities` VALUES (1261, '2019-12-03 14:07:02', '2019-12-03 14:07:02', 'superadmin', 16, 1);
INSERT INTO `sys_role_authorities` VALUES (1262, '2019-12-03 14:07:02', '2019-12-03 14:07:02', 'superadmin', 17, 1);
INSERT INTO `sys_role_authorities` VALUES (1263, '2019-12-03 14:07:02', '2019-12-03 14:07:02', 'superadmin', 32, 1);
INSERT INTO `sys_role_authorities` VALUES (1264, '2019-12-03 14:07:02', '2019-12-03 14:07:02', 'superadmin', 8, 1);
INSERT INTO `sys_role_authorities` VALUES (1265, '2019-12-03 14:07:02', '2019-12-03 14:07:02', 'superadmin', 9, 1);
INSERT INTO `sys_role_authorities` VALUES (1266, '2019-12-03 14:07:02', '2019-12-03 14:07:02', 'superadmin', 10, 1);
INSERT INTO `sys_role_authorities` VALUES (1267, '2019-12-03 14:07:02', '2019-12-03 14:07:02', 'superadmin', 11, 1);
INSERT INTO `sys_role_authorities` VALUES (1268, '2019-12-03 14:07:02', '2019-12-03 14:07:02', 'superadmin', 12, 1);
INSERT INTO `sys_role_authorities` VALUES (1269, '2019-12-03 14:07:02', '2019-12-03 14:07:02', 'superadmin', 33, 1);
INSERT INTO `sys_role_authorities` VALUES (1270, '2019-12-03 14:07:02', '2019-12-03 14:07:02', 'superadmin', 34, 1);
INSERT INTO `sys_role_authorities` VALUES (1271, '2019-12-03 14:07:02', '2019-12-03 14:07:02', 'superadmin', 35, 1);
INSERT INTO `sys_role_authorities` VALUES (1272, '2019-12-03 14:07:02', '2019-12-03 14:07:02', 'superadmin', 36, 1);
INSERT INTO `sys_role_authorities` VALUES (1273, '2019-12-03 14:07:02', '2019-12-03 14:07:02', 'superadmin', 43, 1);
INSERT INTO `sys_role_authorities` VALUES (1274, '2019-12-03 14:07:02', '2019-12-03 14:07:02', 'superadmin', 44, 1);
INSERT INTO `sys_role_authorities` VALUES (1275, '2019-12-03 14:07:02', '2019-12-03 14:07:02', 'superadmin', 45, 1);
INSERT INTO `sys_role_authorities` VALUES (1276, '2019-12-03 14:07:02', '2019-12-03 14:07:02', 'superadmin', 46, 1);
INSERT INTO `sys_role_authorities` VALUES (1277, '2019-12-03 14:07:02', '2019-12-03 14:07:02', 'superadmin', 47, 1);
INSERT INTO `sys_role_authorities` VALUES (1278, '2019-12-03 14:07:02', '2019-12-03 14:07:02', 'superadmin', 48, 1);
INSERT INTO `sys_role_authorities` VALUES (1279, '2019-12-03 14:07:02', '2019-12-03 14:07:02', 'superadmin', 49, 1);
INSERT INTO `sys_role_authorities` VALUES (1280, '2019-12-03 14:07:02', '2019-12-03 14:07:02', 'superadmin', 50, 1);
INSERT INTO `sys_role_authorities` VALUES (1281, '2019-12-03 14:07:02', '2019-12-03 14:07:02', 'superadmin', 51, 1);
INSERT INTO `sys_role_authorities` VALUES (1282, '2019-12-03 14:07:02', '2019-12-03 14:07:02', 'superadmin', 52, 1);
INSERT INTO `sys_role_authorities` VALUES (1283, '2019-12-03 14:07:02', '2019-12-03 14:07:02', 'superadmin', 53, 1);
INSERT INTO `sys_role_authorities` VALUES (1284, '2019-12-03 14:07:02', '2019-12-03 14:07:02', 'superadmin', 54, 1);
INSERT INTO `sys_role_authorities` VALUES (1285, '2019-12-03 14:07:02', '2019-12-03 14:07:02', 'superadmin', 55, 1);
INSERT INTO `sys_role_authorities` VALUES (1286, '2019-12-03 14:07:02', '2019-12-03 14:07:02', 'superadmin', 56, 1);
INSERT INTO `sys_role_authorities` VALUES (1287, '2019-12-03 14:07:02', '2019-12-03 14:07:02', 'superadmin', 57, 1);
INSERT INTO `sys_role_authorities` VALUES (1288, '2019-12-03 14:07:02', '2019-12-03 14:07:02', 'superadmin', 58, 1);
INSERT INTO `sys_role_authorities` VALUES (1289, '2019-12-03 14:07:02', '2019-12-03 14:07:02', 'superadmin', 59, 1);
INSERT INTO `sys_role_authorities` VALUES (1290, '2019-12-03 14:07:02', '2019-12-03 14:07:02', 'superadmin', 60, 1);
INSERT INTO `sys_role_authorities` VALUES (1291, '2019-12-03 14:07:02', '2019-12-03 14:07:02', 'superadmin', 61, 1);
INSERT INTO `sys_role_authorities` VALUES (1292, '2019-12-03 14:07:02', '2019-12-03 14:07:02', 'superadmin', 62, 1);
INSERT INTO `sys_role_authorities` VALUES (1293, '2019-12-03 14:07:02', '2019-12-03 14:07:02', 'superadmin', 63, 1);
INSERT INTO `sys_role_authorities` VALUES (1294, '2019-12-03 14:07:02', '2019-12-03 14:07:02', 'superadmin', 64, 1);
INSERT INTO `sys_role_authorities` VALUES (1295, '2019-12-03 14:07:02', '2019-12-03 14:07:02', 'superadmin', 65, 1);
INSERT INTO `sys_role_authorities` VALUES (1296, '2019-12-03 14:07:02', '2019-12-03 14:07:02', 'superadmin', 66, 1);

-- ----------------------------
-- Table structure for sys_source
-- ----------------------------
DROP TABLE IF EXISTS `sys_source`;
CREATE TABLE `sys_source`  (
  `source_code` varchar(20) CHARACTER SET utf8mb4 COLLATE utf8mb4_general_ci NOT NULL,
  `create_time` timestamp(0) NOT NULL DEFAULT CURRENT_TIMESTAMP,
  `last_modify_time` timestamp(0) NOT NULL DEFAULT CURRENT_TIMESTAMP ON UPDATE CURRENT_TIMESTAMP(0),
  `last_modify_user` varchar(64) CHARACTER SET utf8mb4 COLLATE utf8mb4_general_ci NULL DEFAULT 'sys',
  `source_name` varchar(32) CHARACTER SET utf8mb4 COLLATE utf8mb4_general_ci NULL DEFAULT NULL,
  `status` bit(1) NULL DEFAULT NULL,
  PRIMARY KEY (`source_code`) USING BTREE
) ENGINE = InnoDB CHARACTER SET = utf8mb4 COLLATE = utf8mb4_general_ci ROW_FORMAT = Compact;

-- ----------------------------
-- Records of sys_source
-- ----------------------------
INSERT INTO `sys_source` VALUES ('adserver', '2019-12-02 18:02:34', '2019-12-03 14:11:07', 'superadmin', 'Advertiesment', b'1');
INSERT INTO `sys_source` VALUES ('common', '2019-12-02 17:57:01', '2019-12-02 17:57:01', 'superadmin', 'Common', b'1');
INSERT INTO `sys_source` VALUES ('upms', '2019-12-02 14:10:51', '2019-12-03 14:35:25', 'superadmin', 'UPMS', b'1');

-- ----------------------------
-- Table structure for sys_user
-- ----------------------------
DROP TABLE IF EXISTS `sys_user`;
CREATE TABLE `sys_user`  (
  `user_id` int(11) NOT NULL AUTO_INCREMENT,
  `create_time` timestamp(0) NOT NULL DEFAULT CURRENT_TIMESTAMP,
  `last_modify_time` timestamp(0) NOT NULL DEFAULT CURRENT_TIMESTAMP ON UPDATE CURRENT_TIMESTAMP(0),
  `last_modify_user` varchar(64) CHARACTER SET utf8mb4 COLLATE utf8mb4_general_ci NULL DEFAULT '',
  `avatar` varchar(200) CHARACTER SET utf8mb4 COLLATE utf8mb4_general_ci NULL DEFAULT NULL,
  `email` varchar(100) CHARACTER SET utf8mb4 COLLATE utf8mb4_general_ci NULL DEFAULT NULL,
  `email_verified` bit(1) NULL DEFAULT NULL,
  `nick_name` varchar(20) CHARACTER SET utf8mb4 COLLATE utf8mb4_general_ci NULL DEFAULT NULL,
  `password` varchar(128) CHARACTER SET utf8mb4 COLLATE utf8mb4_general_ci NULL DEFAULT NULL,
  `phone` varchar(12) CHARACTER SET utf8mb4 COLLATE utf8mb4_general_ci NULL DEFAULT NULL,
  `sex` varchar(6) CHARACTER SET utf8mb4 COLLATE utf8mb4_general_ci NULL DEFAULT NULL,
  `state` int(11) NULL DEFAULT NULL,
  `username` varchar(20) CHARACTER SET utf8mb4 COLLATE utf8mb4_general_ci NULL DEFAULT NULL,
  `is_super` bit(1) NULL DEFAULT NULL,
  PRIMARY KEY (`user_id`) USING BTREE
) ENGINE = InnoDB AUTO_INCREMENT = 54 CHARACTER SET = utf8mb4 COLLATE = utf8mb4_general_ci ROW_FORMAT = Compact;

-- ----------------------------
-- Records of sys_user
-- ----------------------------
INSERT INTO `sys_user` VALUES (1, '2019-08-20 15:19:02', '2019-12-02 16:40:28', 'system', NULL, NULL, b'0', 'superadmin', '$2a$04$uHywS8/AukaPBuY8875iSOKwPm2XQPAbAFA7XrdfKVN0MfgDJATPC', '12345678901', 'male', 0, 'superadmin', b'1');
INSERT INTO `sys_user` VALUES (50, '2019-12-03 14:44:22', '2019-12-03 14:44:22', 'superadmin', NULL, NULL, b'0', '', '$2a$04$pNWOnbonIoeZUZ/a8IDDbOA.AIY8kIM/ZeyZFAl2mLjShKQuaW.Cm', '13333333333', 'female', 0, 'upms_user', b'0');
INSERT INTO `sys_user` VALUES (51, '2019-12-03 14:45:09', '2019-12-03 14:45:09', 'superadmin', NULL, NULL, b'0', 'jack ma', '$2a$04$npBUyCqWuVgyAU01TIUpye6hVA3xW9Wo5/hst4IbH9CsDRdhyBZyK', '', 'male', 0, 'adv_sys', b'0');
INSERT INTO `sys_user` VALUES (53, '2019-12-03 14:46:30', '2019-12-03 14:46:30', 'superadmin', NULL, NULL, b'0', 'hard man', '$2a$04$Z9PNyNBub0mNrICUT8MSM.mqUQB4Owp6mn/C/XuulW8e/H0YBvq8u', '', 'male', 0, 'all_business', b'0');

-- ----------------------------
-- Table structure for sys_user_role
-- ----------------------------
DROP TABLE IF EXISTS `sys_user_role`;
CREATE TABLE `sys_user_role`  (
  `id` int(11) NOT NULL AUTO_INCREMENT,
  `create_time` timestamp(0) NOT NULL DEFAULT CURRENT_TIMESTAMP,
  `last_modify_time` timestamp(0) NOT NULL DEFAULT CURRENT_TIMESTAMP ON UPDATE CURRENT_TIMESTAMP(0),
  `last_modify_user` varchar(64) CHARACTER SET utf8mb4 COLLATE utf8mb4_general_ci NULL DEFAULT '',
  `role_id` int(11) NULL DEFAULT NULL,
  `user_id` int(11) NULL DEFAULT NULL,
  PRIMARY KEY (`id`) USING BTREE
) ENGINE = InnoDB AUTO_INCREMENT = 136 CHARACTER SET = utf8mb4 COLLATE = utf8mb4_general_ci ROW_FORMAT = Compact;

-- ----------------------------
-- Records of sys_user_role
-- ----------------------------
INSERT INTO `sys_user_role` VALUES (104, '2019-11-12 18:16:00', '2019-11-12 18:16:00', '', 1, 1);
INSERT INTO `sys_user_role` VALUES (130, '2019-12-03 14:44:27', '2019-12-03 14:44:27', 'superadmin', 26, 50);
INSERT INTO `sys_user_role` VALUES (131, '2019-12-03 14:45:17', '2019-12-03 14:45:17', 'superadmin', 19, 51);
INSERT INTO `sys_user_role` VALUES (132, '2019-12-03 14:46:46', '2019-12-03 14:46:46', 'superadmin', 17, 53);
INSERT INTO `sys_user_role` VALUES (133, '2019-12-03 14:46:46', '2019-12-03 14:46:46', 'superadmin', 19, 53);
INSERT INTO `sys_user_role` VALUES (134, '2019-12-03 14:46:46', '2019-12-03 14:46:46', 'superadmin', 21, 53);
INSERT INTO `sys_user_role` VALUES (135, '2019-12-03 14:46:46', '2019-12-03 14:46:46', 'superadmin', 25, 53);

SET FOREIGN_KEY_CHECKS = 1;
